Workbook

Sheet Summary
B2: Participant Name
A4: 1 | B4: Kylian Mbappé | C4: FRA | D4: 2 | E4: Harry Kane | F4: ENG | G4: 3 | H4: Florian Wirtz | I4: GER | K4: goal, assists | L4: 1 point
B5: Matheus Cunha | C5: BRA | E5: Vinícius Júnior | F5: BRA | H5: Erling Haaland | I5: NOR | K5: game winner | L5: 1 point
B6: Lionel Messi | C6: ARG | E6: Cristiano Ronaldo | F6: POR | H6: Kevin De Bruyne | I6: BEL | K6: goalie win | L6: 1 point
B7: Julián Álvarez | C7: ARG | E7: Kai Havertz | F7: GER | H7: Darwin Núñez | I7: URG | K7: goalie clean sheet | L7: 1 points
B8: Memphis Depay | C8: NET | E8: Lamine Yamal | F8: SPN | H8: Breel Embolo | I8: SWZ | K8: goalie saves | L8: 0.2 points
B9: Jamal Musiala | C9: GER | E9: Marcus Thuram | F9: FRA | H9: Marko Arnautovic | I9: AUT | K9: goalie goals conceeded | L9: -0.25
A11: 4 | B11: Ousmane Dembélé | C11: FRA | D11: 5 | E11: Bukayo Saka | F11: ENG | G11: 6 | H11: Ismael Saibari | I11: MOR | K11: 1 minute played (0.75 per 90) | L11: 0.0083
B12: Romelu Lukaku | C12: BEL | E12: Charles De Ketelaer | F12: BEL | H12: Weston McKennie | I12: USA | K12: Yellow Card | L12: -0.25
B13: Raphinha | C13: BRA | E13: Luis Díaz | F13: COL | H13: Viktor Gyökeres | I13: SWE | K13: Red Card | L13: -0.5
B14: Patrik Schick | C14: CZE | E14: Federico Valverde | F14: URG | H14: Edin Dzeko | I14: BOS
B15: Cody Gakpo | C15: NET | E15: Endrick | F15: BRA | H15: Donyell Malen | I15: NET | K15: 1) Pick one player from each bracket
B16: Andrej Kramaric | C16: CRO | E16: Mikel Oyarzabal | F16: SPN | H16: Rodri | I16: SPN | K16: 2) Bottom four are goalkeepers
A18: 7 | B18: Aleksandar Pavlović | C18: GER | D18: 8 | E18: Alexis Mac Allister | F18: ARG | G18: 9 | H18: Mohamed Salah | I18: EGY | K18: 3) Choose Wisely:
B19: Brahim Díaz | C19: MOR | E19: Marcel Sabitzer | F19: AUT | H19: Son Heung-min | I19: KOR | K19: WORLD CUP WINNER: Will get 3 points (as they have advance to the semi finals, advanced to the finals, and won the trophy
B20: Inaki Williams | C20: GHA | E20: Jonathan David | F20: CAN | H20: Casemiro | I20: BRA | K20: WORLD CUP FINALIST: Will get max 2 points (advance to semi final, advance to finals - you will not be eligible for the Winner points as you did not select them
B21: Bruno Fernandes | C21: POR | E21: Enner Valencia | F21: ECU | H21: Arda Güler | I21: TUR | K21: ADVANCE TO SEMI FINAL: Will be awarded max 1 points if your team makes the semi final (will not be awarded points for advancing to final, nor lifting the trophy)
B22: Aurélien Tchouaméni | C22: FRA | E22: Leroy Sané | F22: GER | H22: Antoine Semenyo | I22: GHA
B23: Jérémy Doku | C23: BEL | E23: Alexander Isak | F23: SWE | H23: Ayase Ueda | I23: JPN | K23: 4) Send to picklessean@gmail.com, as well as $40 to pariticipate
A25: 10 | B25: Moisés Caicedo | C25: ECU | D25: 11 | E25: Frenkie de Jong | F25: NET | G25: 12 | H25: Nico Williams | I25: SPN
B26: Enzo Fernández | C26: ARG | E26: James Rodríguez | F26: COL | H26: Raúl Jiménez | I26: MEX
B27: Omar Marmoush | C27: EGY | E27: Michael Olise | F27: FRA | H27: Folarin Balogun | I27: USA
B28: Jude Bellingham | C28: ENG | E28: Kenan Yıldız | F28: TUR | H28: Marcus Rashford | I28: ENG
B29: Neymar Jr | C29: BRA | E29: Lautaro Martínez | F29: ARG | H29: Franck Kessié | I29: CIV | L29: Please fill out the below
B30: Tomáš Souček | C30: CZE | E30: Declan Rice | F30: ENG | H30: Thiago Almada | I30: ARG | L30: 1 | M30: Lionel Messi
L31: 2 | M31: Harry Kane
A32: 13 | B32: Jordan Ayew | C32: GHA | D32: 14 | E32: Elyes Skhiri | F32: TUN | G32: 15 | H32: Tajon Buchanan | I32: CAN | L32: 3 | M32: Erling Haaland
B33: Riyad Mahrez | C33: ALG | E33: Vitinha | F33: POR | H33: Rayan Cherki | I33: FRA | L33: 4 | M33: Romelu Lukaku
B34: Sadio Mané | C34: SEN | E34: Christian Pulisic | F34: USA | H34: Nico Paz | I34: ARG | L34: 5 | M34: Bukayo Saka
B35: Granit Xhaka | C35: SWZ | E35: Yan Diomandé | F35: CIV | H35: Nicolas Jackson | I35: SEN | L35: 6 | M35: Ismael Saibari
B36: Luka Modrić | C36: CRO | E36: Amadou Onana | F36: BEL | H36: Amine Gouiri | I36: ALG | L36: 7 | M36: Bruno Fernandes
B37: Martin Ødegaard | C37: NOR | E37: Antonio Nusa | F37: NOR | H37: Diego Gómez | I37: PAR | L37: 8 | M37: Marcel Sabitzer
L38: 9 | M38: Arda Güler
A39: 16 | B39: Eldor Shomurodov | C39: UZK | D39: 17 | E39: Themba Zwane | F39: RSA | G39: 18 | H39: Hakan Çalhanoğlu | I39: TUR | L39: 10 | M39: Jude Bellingham
B40: Firas Al-Buraikan | C40: SAU | E40: Frantzdy Pierrot | F40: HAI | H40: Ferran Torres | I40: SPN | L40: 11 | M40: Kenan Yıldız
B41: Chris Wood | C41: NZD | E41: Jackson Irvine | F41: AUS | H41: João Neves | I41: POR | L41: 12 | M41: Folarin Balogun
B42: Yoane Wissa | C42: CON | E42: antonio sanabria | F42: PAR | H42: Konrad Laimer | I42: AUT | L42: 13 | M42: Sadio Mané
B43: Ryan Mendes | C43: CPV | E43: Lawrence Shankland | F43: SCO | H43: Antonee Robinson | I43: USA | L43: 14 | M43: Antonio Nusa
B44: Mehdi Taremi | C44: IRAN | E44: Almoez Ali | F44: QAT | H44: Ivan Perisic | I44: CRO | L44: 15 | M44: Nico Paz
L45: 16 | M45: Firas Al-Buraikan
A46: 19 | B46: Marquinhos | C46: BRA | D46: 20 | E46: Virgil van Dijk | F46: NET | G46: 21 | H46: Alphonso Davies | I46: CAN | L46: 17 | M46: Lawrence Shankland
B47: Theo Hernandez | C47: FRA | E47: Kim Min-jae | F47: KOR | H47: Willian Pacho | I47: ECU | L47: 18 | M47: João Neves
B48: Lisandro Martínez | C48: ARG | E48: Josko Gvardiol | F48: CRO | H48: Antonio Rüdiger | I48: GER | L48: 19 | M48: Marquinhos
B49: Pau Cubarsí | C49: SPN | E49: Achraf Hakimi | F49: MOR | H49: William Saliba | I49: FRA | L49: 20 | M49: Achraf Hakimi
B50: Rúben Dias | C50: POR | E50: Arthur Theate | F50: BEL | H50: Cristian Romero | I50: ARG | L50: 21 | M50: William Saliba
B51: Joshua Kimmich | C51: GER | E51: David Alaba | F51: AUT | H51: John Stones | I51: ENG | L51: 22 | M51: Marc Guéhi
L52: 23 | M52: Unai Simón
A53: 22 | B53: Ronald Araújo | C53: URG | D53: 23 | E53: Emiliano Martínez | F53: ARG | G53: 24 | H53: Manuel Neuer | I53: GER | L53: 24 | M53: Jordan Pickford
B54: Marc Guéhi | C54: ENG | E54: Mike Maignan | F54: FRA | H54: Diogo Costa | I54: POR | L54: 25 | M54: Yassine Bounou
B55: Nuno Mendes | C55: POR | E55: Unai Simón | F55: SPN | H55: Jordan Pickford | I55: ENG | L55: 26 | M55: Ørjan Nyland
B56: Gabriel Magalhães | C56: BRA | E56: Alisson | F56: BRA | H56: Thibaut Courtois | I56: BEL | L56: 27 | M56: Maxime Crépeau
B57: Hiroki Ito | C57: JPN | E57: Raúl Rangel | F57: MEX | H57: Kim Seung-gyu | I57: KOR | L57: Winner | M57: ENGLANG
B58: Denzel Dumfries | C58: NET | E58: Dominik Livaković | F58: CRO | H58: Bart Verbruggen | I58: NET | L58: Finalist | M58: SPAIN
L59: Semi Finalist | M59: BRAZIL
A60: 25 | B60: Gregor Kobel | C60: SWZ | D60: 26 | E60: Matt Freese | F60: USA | G60: 27 | H60: Lawrence Ati-Zigi | I60: GHA
B61: Zion Suzuki | C61: JPN | E61: Ronwen Williams | F61: RSA | H61: Yahia Fofana | I61: CIV
B62: Yassine Bounou | C62: MOR | E62: Mert Günok | F62: TUR | H62: Maxime Crépeau | I62: CAN
B63: Sergio Rochet | C63: URG | E63: Ørjan Nyland | F63: NOR | H63: Nikola Vasilj | I63: BOS
B64: Camilo Vargas | C64: COL | E64: Mohamed El Shenawy | F64: EGY | H64: Hernán Galíndez | I64: ECU
B65: Edouard Mendy | C65: SEN | E65: Kristoffer Nordfeldt | F65: SWE | H65: Luca Zidane | I65: ALG
B68: WORLD CUP WINNER (3 points)
B69: WORLD CUP FINALIST (2 points)
B70: ADVANCE TO SEMI FINAL (1 points)

Sheet NEW DISPLAY
R1: Mins played
R2: YC | AJ2: https://theleaguetables.com/moes-tavern-wc-pool
R3: RD
B4: Participant | C4: Players | D4: Country | F4: Minutes Played | G4: Goals | H4: Assist | I4: Game Winning Goals | J4: Yellow Cards | K4: Red Cards | L4: Wins | M4: Clean sheet | N4: Saves | O4: Goals Conceded | P4: Total Points | R4: Saves | AB4: Rank | AC4: Name | AD4: Points
B5: Sean Pickles | F5: =SUM(F6:F35) -> 11723 | G5: =SUM(G6:G35) -> 42 | H5: =SUM(H6:H35) -> 22 | I5: =SUM(I6:I35) -> 16 | J5: =SUM(J6:J35) -> 7 | K5: =SUM(K6:K35) -> 0 | L5: =SUM(L6:L35) -> 20 | M5: =SUM(M6:M35) -> 12 | ... P5: =SUM(P6:P35) -> 212.3509 | S5: Sean Pickles | T5: =RANK(X5,$X$5:$X$45) -> 3 | U5: Sean Pickles | V5: =VLOOKUP(U5,$B$4:$P$1245,15,FALSE) -> 212.3509 | W5: 1e-08 | X5: =V5+W5 -> 212.3509 | AB5: 1 | AC5: =VLOOKUP(AB5,$T$5:$V$45,2,FALSE) -> Bob Reynolds | AD5: =VLOOKUP(AB5,$T$5:$V$45,3,FALSE) -> 214.2248
C6: Lionel Messi | D6: =IFERROR(VLOOKUP($C6,'World Cup Players'!B:X,3,FALSE),0) -> ar Argentina | F6: =IFERROR(VLOOKUP($C6,'World Cup Players'!B:X,9,FALSE),0) -> 620 | G6: =IFERROR(VLOOKUP($C6,'World Cup Players'!B:X,11,FALSE),0) -> 8 | H6: =IFERROR(VLOOKUP($C6,'World Cup Players'!B:X,12,FALSE),0) -> 4 | I6: =IFERROR(VLOOKUP($C6,'GAME WINNING GOALS'!A:B,2,FALSE),0) -> 2 | J6: =IFERROR(VLOOKUP($C6,'World Cup Players'!B:X,17,FALSE),0) -> 0 | K6: =IFERROR(VLOOKUP($C6,'World Cup Players'!B:X,18,FALSE),0) -> 0 | L6: =IFERROR(VLOOKUP($C6,'World Cup GK'!B:AE,16,FALSE),0) -> 0 | M6: =IFERROR(VLOOKUP($C6,'World Cup GK'!B:AE,19,FALSE),0) -> 0 | N6: =IFERROR(VLOOKUP($C6,'World Cup GK'!B:AE,14,FALSE),0) -> 0 | O6: =IFERROR(VLOOKUP($C6,'World Cup GK'!B:AE,11,FALSE),0) -> 0 | P6: =SUM((F6*0.0083)+G6+H6+I6+L6+M6+(N6*0.2))-((J6*0.25)+(K6*0.5))-(O6*0.25) -> 19.146 | S6: Eleni Mastoras | T6: =RANK(X6,$X$5:$X$45) -> 35 | U6: Eleni Mastoras | V6: =VLOOKUP(U6,$B$4:$P$1245,15,FALSE) -> 168.7195 | W6: =0.000000001+W5 -> 1.1e-08 | X6: =V6+W6 -> 168.7195 | AB6: 2 | AC6: =VLOOKUP(AB6,$T$5:$V$45,2,FALSE) -> Thayer Algor | AD6: =VLOOKUP(AB6,$T$5:$V$45,3,FALSE) -> 214.0375
C7: Harry Kane | D7: =IFERROR(VLOOKUP($C7,'World Cup Players'!B:X,3,FALSE),0) -> eng England | F7: =IFERROR(VLOOKUP($C7,'World Cup Players'!B:X,9,FALSE),0) -> 652 | G7: =IFERROR(VLOOKUP($C7,'World Cup Players'!B:X,11,FALSE),0) -> 6 | H7: =IFERROR(VLOOKUP($C7,'World Cup Players'!B:X,12,FALSE),0) -> 1 | I7: =IFERROR(VLOOKUP($C7,'GAME WINNING GOALS'!A:B,2,FALSE),0) -> 2 | J7: =IFERROR(VLOOKUP($C7,'World Cup Players'!B:X,17,FALSE),0) -> 0 | K7: =IFERROR(VLOOKUP($C7,'World Cup Players'!B:X,18,FALSE),0) -> 0 | L7: =IFERROR(VLOOKUP($C7,'World Cup GK'!B:AE,16,FALSE),0) -> 0 | M7: =IFERROR(VLOOKUP($C7,'World Cup GK'!B:AE,19,FALSE),0) -> 0 | N7: =IFERROR(VLOOKUP($C7,'World Cup GK'!B:AE,14,FALSE),0) -> 0 | O7: =IFERROR(VLOOKUP($C7,'World Cup GK'!B:AE,11,FALSE),0) -> 0 | P7: =SUM((F7*0.0083)+G7+H7+I7+L7+M7+(N7*0.2))-((J7*0.25)+(K7*0.5))-(O7*0.25) -> 14.4116 | S7: Kevin Pickles | T7: =RANK(X7,$X$5:$X$45) -> 20 | U7: Kevin Pickles | V7: =VLOOKUP(U7,$B$4:$P$1245,15,FALSE) -> 187.659 | W7: =0.000000001+W6 -> 1.2e-08 | X7: =V7+W7 -> 187.659 | AB7: 3 | AC7: =VLOOKUP(AB7,$T$5:$V$45,2,FALSE) -> Sean Pickles | AD7: =VLOOKUP(AB7,$T$5:$V$45,3,FALSE) -> 212.3509
C8: Erling Haaland | D8: =IFERROR(VLOOKUP($C8,'World Cup Players'!B:X,3,FALSE),0) -> no Norway | F8: =IFERROR(VLOOKUP($C8,'World Cup Players'!B:X,9,FALSE),0) -> 465 | G8: =IFERROR(VLOOKUP($C8,'World Cup Players'!B:X,11,FALSE),0) -> 7 | H8: =IFERROR(VLOOKUP($C8,'World Cup Players'!B:X,12,FALSE),0) -> 0 | I8: =IFERROR(VLOOKUP($C8,'GAME WINNING GOALS'!A:B,2,FALSE),0) -> 4 | J8: =IFERROR(VLOOKUP($C8,'World Cup Players'!B:X,17,FALSE),0) -> 0 | K8: =IFERROR(VLOOKUP($C8,'World Cup Players'!B:X,18,FALSE),0) -> 0 | L8: =IFERROR(VLOOKUP($C8,'World Cup GK'!B:AE,16,FALSE),0) -> 0 | M8: =IFERROR(VLOOKUP($C8,'World Cup GK'!B:AE,19,FALSE),0) -> 0 | N8: =IFERROR(VLOOKUP($C8,'World Cup GK'!B:AE,14,FALSE),0) -> 0 | O8: =IFERROR(VLOOKUP($C8,'World Cup GK'!B:AE,11,FALSE),0) -> 0 | P8: =SUM((F8*0.0083)+G8+H8+I8+L8+M8+(N8*0.2))-((J8*0.25)+(K8*0.5))-(O8*0.25) -> 14.8595 | S8: Tom Mullrooney | T8: =RANK(X8,$X$5:$X$45) -> 31 | U8: Tom Mullrooney | V8: =VLOOKUP(U8,$B$4:$P$1245,15,FALSE) -> 173.0693 | W8: =0.000000001+W7 -> 1.3e-08 | X8: =V8+W8 -> 173.0693 | AB8: 4 | AC8: =VLOOKUP(AB8,$T$5:$V$45,2,FALSE) -> Brian Ihnacak | AD8: =VLOOKUP(AB8,$T$5:$V$45,3,FALSE) -> 208.8653
C9: Romelu Lukaku | D9: =IFERROR(VLOOKUP($C9,'World Cup Players'!B:X,3,FALSE),0) -> be Belgium | F9: =IFERROR(VLOOKUP($C9,'World Cup Players'!B:X,9,FALSE),0) -> 233 | G9: =IFERROR(VLOOKUP($C9,'World Cup Players'!B:X,11,FALSE),0) -> 3 | H9: =IFERROR(VLOOKUP($C9,'World Cup Players'!B:X,12,FALSE),0) -> 1 | I9: =IFERROR(VLOOKUP($C9,'GAME WINNING GOALS'!A:B,2,FALSE),0) -> 0 | J9: =IFERROR(VLOOKUP($C9,'World Cup Players'!B:X,17,FALSE),0) -> 1 | K9: =IFERROR(VLOOKUP($C9,'World Cup Players'!B:X,18,FALSE),0) -> 0 | L9: =IFERROR(VLOOKUP($C9,'World Cup GK'!B:AE,16,FALSE),0) -> 0 | M9: =IFERROR(VLOOKUP($C9,'World Cup GK'!B:AE,19,FALSE),0) -> 0 | N9: =IFERROR(VLOOKUP($C9,'World Cup GK'!B:AE,14,FALSE),0) -> 0 | O9: =IFERROR(VLOOKUP($C9,'World Cup GK'!B:AE,11,FALSE),0) -> 0 | P9: =SUM((F9*0.0083)+G9+H9+I9+L9+M9+(N9*0.2))-((J9*0.25)+(K9*0.5))-(O9*0.25) -> 5.6839 | S9: Bonnie Mullrooney | T9: =RANK(X9,$X$5:$X$45) -> 34 | U9: Bonnie Mullrooney | V9: =VLOOKUP(U9,$B$4:$P$1245,15,FALSE) -> 171.036 | W9: =0.000000001+W8 -> 1.4e-08 | X9: =V9+W9 -> 171.036 | AB9: 5 | AC9: =VLOOKUP(AB9,$T$5:$V$45,2,FALSE) -> Louise Pickles | AD9: =VLOOKUP(AB9,$T$5:$V$45,3,FALSE) -> 207.184
C10: Mikel Oyarzabal | D10: =IFERROR(VLOOKUP($C10,'World Cup Players'!B:X,3,FALSE),0) -> es Spain | F10: =IFERROR(VLOOKUP($C10,'World Cup Players'!B:X,9,FALSE),0) -> 540 | G10: =IFERROR(VLOOKUP($C10,'World Cup Players'!B:X,11,FALSE),0) -> 5 | H10: =IFERROR(VLOOKUP($C10,'World Cup Players'!B:X,12,FALSE),0) -> 1 | I10: =IFERROR(VLOOKUP($C10,'GAME WINNING GOALS'!A:B,2,FALSE),0) -> 2 | J10: =IFERROR(VLOOKUP($C10,'World Cup Players'!B:X,17,FALSE),0) -> 0 | K10: =IFERROR(VLOOKUP($C10,'World Cup Players'!B:X,18,FALSE),0) -> 0 | L10: =IFERROR(VLOOKUP($C10,'World Cup GK'!B:AE,16,FALSE),0) -> 0 | M10: =IFERROR(VLOOKUP($C10,'World Cup GK'!B:AE,19,FALSE),0) -> 0 | N10: =IFERROR(VLOOKUP($C10,'World Cup GK'!B:AE,14,FALSE),0) -> 0 | O10: =IFERROR(VLOOKUP($C10,'World Cup GK'!B:AE,11,FALSE),0) -> 0 | P10: =SUM((F10*0.0083)+G10+H10+I10+L10+M10+(N10*0.2))-((J10*0.25)+(K10*0.5))-(O10*0.25) -> 12.482 | S10: Michael Formusa | T10: =RANK(X10,$X$5:$X$45) -> 33 | U10: Michael Formusa | V10: =VLOOKUP(U10,$B$4:$P$1245,15,FALSE) -> 171.2772 | W10: =0.000000001+W9 -> 1.5e-08 | X10: =V10+W10 -> 171.2772 | AB10: 6 | AC10: =VLOOKUP(AB10,$T$5:$V$45,2,FALSE) -> Julian Brown | AD10: =VLOOKUP(AB10,$T$5:$V$45,3,FALSE) -> 204.4935
C11: Ismael Saibari | D11: =IFERROR(VLOOKUP($C11,'World Cup Players'!B:X,3,FALSE),0) -> ma Morocco | F11: =IFERROR(VLOOKUP($C11,'World Cup Players'!B:X,9,FALSE),0) -> 381 | G11: =IFERROR(VLOOKUP($C11,'World Cup Players'!B:X,11,FALSE),0) -> 3 | H11: =IFERROR(VLOOKUP($C11,'World Cup Players'!B:X,12,FALSE),0) -> 0 | I11: =IFERROR(VLOOKUP($C11,'GAME WINNING GOALS'!A:B,2,FALSE),0) -> 1 | J11: =IFERROR(VLOOKUP($C11,'World Cup Players'!B:X,17,FALSE),0) -> 0 | K11: =IFERROR(VLOOKUP($C11,'World Cup Players'!B:X,18,FALSE),0) -> 0 | L11: =IFERROR(VLOOKUP($C11,'World Cup GK'!B:AE,16,FALSE),0) -> 0 | M11: =IFERROR(VLOOKUP($C11,'World Cup GK'!B:AE,19,FALSE),0) -> 0 | N11: =IFERROR(VLOOKUP($C11,'World Cup GK'!B:AE,14,FALSE),0) -> 0 | O11: =IFERROR(VLOOKUP($C11,'World Cup GK'!B:AE,11,FALSE),0) -> 0 | P11: =SUM((F11*0.0083)+G11+H11+I11+L11+M11+(N11*0.2))-((J11*0.25)+(K11*0.5))-(O11*0.25) -> 7.1623 | S11: Elyse Lalonde | T11: =RANK(X11,$X$5:$X$45) -> 22 | U11: Elyse Lalonde | V11: =VLOOKUP(U11,$B$4:$P$1245,15,FALSE) -> 184.6213 | W11: =0.000000001+W10 -> 1.6e-08 | X11: =V11+W11 -> 184.6213 | AB11: 7 | AC11: =VLOOKUP(AB11,$T$5:$V$45,2,FALSE) -> Nathan Kessous | AD11: =VLOOKUP(AB11,$T$5:$V$45,3,FALSE) -> 202.827
C12: Bruno Fernandes | D12: =IFERROR(VLOOKUP($C12,'World Cup Players'!B:X,3,FALSE),0) -> pt Portugal | F12: =IFERROR(VLOOKUP($C12,'World Cup Players'!B:X,9,FALSE),0) -> 422 | G12: =IFERROR(VLOOKUP($C12,'World Cup Players'!B:X,11,FALSE),0) -> 0 | H12: =IFERROR(VLOOKUP($C12,'World Cup Players'!B:X,12,FALSE),0) -> 1 | I12: =IFERROR(VLOOKUP($C12,'GAME WINNING GOALS'!A:B,2,FALSE),0) -> 0 | J12: =IFERROR(VLOOKUP($C12,'World Cup Players'!B:X,17,FALSE),0) -> 0 | K12: =IFERROR(VLOOKUP($C12,'World Cup Players'!B:X,18,FALSE),0) -> 0 | L12: =IFERROR(VLOOKUP($C12,'World Cup GK'!B:AE,16,FALSE),0) -> 0 | M12: =IFERROR(VLOOKUP($C12,'World Cup GK'!B:AE,19,FALSE),0) -> 0 | N12: =IFERROR(VLOOKUP($C12,'World Cup GK'!B:AE,14,FALSE),0) -> 0 | O12: =IFERROR(VLOOKUP($C12,'World Cup GK'!B:AE,11,FALSE),0) -> 0 | P12: =SUM((F12*0.0083)+G12+H12+I12+L12+M12+(N12*0.2))-((J12*0.25)+(K12*0.5))-(O12*0.25) -> 4.5026 | S12: Suraj Sukumar | T12: =RANK(X12,$X$5:$X$45) -> 9 | U12: Suraj Sukumar | V12: =VLOOKUP(U12,$B$4:$P$1245,15,FALSE) -> 201.7257 | W12: =0.000000001+W11 -> 1.7e-08 | X12: =V12+W12 -> 201.7257 | AB12: 8 | AC12: =VLOOKUP(AB12,$T$5:$V$45,2,FALSE) -> Victoria Pickles | AD12: =VLOOKUP(AB12,$T$5:$V$45,3,FALSE) -> 202.0984
C13: Leroy Sané | D13: =IFERROR(VLOOKUP($C13,'World Cup Players'!B:X,3,FALSE),0) -> de Germany | F13: =IFERROR(VLOOKUP($C13,'World Cup Players'!B:X,9,FALSE),0) -> 326 | G13: =IFERROR(VLOOKUP($C13,'World Cup Players'!B:X,11,FALSE),0) -> 1 | H13: =IFERROR(VLOOKUP($C13,'World Cup Players'!B:X,12,FALSE),0) -> 0 | I13: =IFERROR(VLOOKUP($C13,'GAME WINNING GOALS'!A:B,2,FALSE),0) -> 0 | J13: =IFERROR(VLOOKUP($C13,'World Cup Players'!B:X,17,FALSE),0) -> 0 | K13: =IFERROR(VLOOKUP($C13,'World Cup Players'!B:X,18,FALSE),0) -> 0 | L13: =IFERROR(VLOOKUP($C13,'World Cup GK'!B:AE,16,FALSE),0) -> 0 | M13: =IFERROR(VLOOKUP($C13,'World Cup GK'!B:AE,19,FALSE),0) -> 0 | N13: =IFERROR(VLOOKUP($C13,'World Cup GK'!B:AE,14,FALSE),0) -> 0 | O13: =IFERROR(VLOOKUP($C13,'World Cup GK'!B:AE,11,FALSE),0) -> 0 | P13: =SUM((F13*0.0083)+G13+H13+I13+L13+M13+(N13*0.2))-((J13*0.25)+(K13*0.5))-(O13*0.25) -> 3.7058 | S13: Bob Reynolds | T13: =RANK(X13,$X$5:$X$45) -> 1 | U13: Bob Reynolds | V13: =VLOOKUP(U13,$B$4:$P$1245,15,FALSE) -> 214.2248 | W13: =0.000000001+W12 -> 1.8e-08 | X13: =V13+W13 -> 214.2248 | AB13: 9 | AC13: =VLOOKUP(AB13,$T$5:$V$45,2,FALSE) -> Suraj Sukumar | AD13: =VLOOKUP(AB13,$T$5:$V$45,3,FALSE) -> 201.7257
C14: Arda Güler | D14: =IFERROR(VLOOKUP($C14,'World Cup Players'!B:X,3,FALSE),0) -> tr Türkiye | F14: =IFERROR(VLOOKUP($C14,'World Cup Players'!B:X,9,FALSE),0) -> 270 | G14: =IFERROR(VLOOKUP($C14,'World Cup Players'!B:X,11,FALSE),0) -> 1 | H14: =IFERROR(VLOOKUP($C14,'World Cup Players'!B:X,12,FALSE),0) -> 0 | I14: =IFERROR(VLOOKUP($C14,'GAME WINNING GOALS'!A:B,2,FALSE),0) -> 0 | J14: =IFERROR(VLOOKUP($C14,'World Cup Players'!B:X,17,FALSE),0) -> 0 | K14: =IFERROR(VLOOKUP($C14,'World Cup Players'!B:X,18,FALSE),0) -> 0 | L14: =IFERROR(VLOOKUP($C14,'World Cup GK'!B:AE,16,FALSE),0) -> 0 | M14: =IFERROR(VLOOKUP($C14,'World Cup GK'!B:AE,19,FALSE),0) -> 0 | N14: =IFERROR(VLOOKUP($C14,'World Cup GK'!B:AE,14,FALSE),0) -> 0 | O14: =IFERROR(VLOOKUP($C14,'World Cup GK'!B:AE,11,FALSE),0) -> 0 | P14: =SUM((F14*0.0083)+G14+H14+I14+L14+M14+(N14*0.2))-((J14*0.25)+(K14*0.5))-(O14*0.25) -> 3.241 | S14: Mark Mullrooney | T14: =RANK(X14,$X$5:$X$45) -> 24 | U14: Mark Mullrooney | V14: =VLOOKUP(U14,$B$4:$P$1245,15,FALSE) -> 181.7636 | W14: =0.000000001+W13 -> 1.9e-08 | X14: =V14+W14 -> 181.7636 | AB14: 10 | AC14: =VLOOKUP(AB14,$T$5:$V$45,2,FALSE) -> John Mullrooney | AD14: =VLOOKUP(AB14,$T$5:$V$45,3,FALSE) -> 199.5535
C15: Jude Bellingham | D15: =IFERROR(VLOOKUP($C15,'World Cup Players'!B:X,3,FALSE),0) -> eng England | F15: =IFERROR(VLOOKUP($C15,'World Cup Players'!B:X,9,FALSE),0) -> 602 | G15: =IFERROR(VLOOKUP($C15,'World Cup Players'!B:X,11,FALSE),0) -> 6 | H15: =IFERROR(VLOOKUP($C15,'World Cup Players'!B:X,12,FALSE),0) -> 1 | I15: =IFERROR(VLOOKUP($C15,'GAME WINNING GOALS'!A:B,2,FALSE),0) -> 3 | J15: =IFERROR(VLOOKUP($C15,'World Cup Players'!B:X,17,FALSE),0) -> 1 | K15: =IFERROR(VLOOKUP($C15,'World Cup Players'!B:X,18,FALSE),0) -> 0 | L15: =IFERROR(VLOOKUP($C15,'World Cup GK'!B:AE,16,FALSE),0) -> 0 | M15: =IFERROR(VLOOKUP($C15,'World Cup GK'!B:AE,19,FALSE),0) -> 0 | N15: =IFERROR(VLOOKUP($C15,'World Cup GK'!B:AE,14,FALSE),0) -> 0 | O15: =IFERROR(VLOOKUP($C15,'World Cup GK'!B:AE,11,FALSE),0) -> 0 | P15: =SUM((F15*0.0083)+G15+H15+I15+L15+M15+(N15*0.2))-((J15*0.25)+(K15*0.5))-(O15*0.25) -> 14.7466 | S15: Paddy McConvey | T15: =RANK(X15,$X$5:$X$45) -> 27 | U15: Paddy McConvey | V15: =VLOOKUP(U15,$B$4:$P$1245,15,FALSE) -> 178.3718 | W15: =0.000000001+W14 -> 2e-08 | X15: =V15+W15 -> 178.3718 | AB15: 11 | AC15: =VLOOKUP(AB15,$T$5:$V$45,2,FALSE) -> Kathleen Mullrooney | AD15: =VLOOKUP(AB15,$T$5:$V$45,3,FALSE) -> 196.2355
C16: Michael Olise | D16: =IFERROR(VLOOKUP($C16,'World Cup Players'!B:X,3,FALSE),0) -> fr France | F16: =IFERROR(VLOOKUP($C16,'World Cup Players'!B:X,9,FALSE),0) -> 556 | G16: =IFERROR(VLOOKUP($C16,'World Cup Players'!B:X,11,FALSE),0) -> 0 | H16: =IFERROR(VLOOKUP($C16,'World Cup Players'!B:X,12,FALSE),0) -> 5 | I16: =IFERROR(VLOOKUP($C16,'GAME WINNING GOALS'!A:B,2,FALSE),0) -> 0 | J16: =IFERROR(VLOOKUP($C16,'World Cup Players'!B:X,17,FALSE),0) -> 1 | K16: =IFERROR(VLOOKUP($C16,'World Cup Players'!B:X,18,FALSE),0) -> 0 | L16: =IFERROR(VLOOKUP($C16,'World Cup GK'!B:AE,16,FALSE),0) -> 0 | M16: =IFERROR(VLOOKUP($C16,'World Cup GK'!B:AE,19,FALSE),0) -> 0 | N16: =IFERROR(VLOOKUP($C16,'World Cup GK'!B:AE,14,FALSE),0) -> 0 | O16: =IFERROR(VLOOKUP($C16,'World Cup GK'!B:AE,11,FALSE),0) -> 0 | P16: =SUM((F16*0.0083)+G16+H16+I16+L16+M16+(N16*0.2))-((J16*0.25)+(K16*0.5))-(O16*0.25) -> 9.3648 | S16: Vishen Maharaj | T16: =RANK(X16,$X$5:$X$45) -> 14 | U16: Vishen Maharaj | V16: =VLOOKUP(U16,$B$4:$P$1245,15,FALSE) -> 194.6317 | W16: =0.000000001+W15 -> 2.1e-08 | X16: =V16+W16 -> 194.6317 | AB16: 12 | AC16: =VLOOKUP(AB16,$T$5:$V$45,2,FALSE) -> Kim Gauthier | AD16: =VLOOKUP(AB16,$T$5:$V$45,3,FALSE) -> 195.3765
C17: Nico Williams | D17: =IFERROR(VLOOKUP($C17,'World Cup Players'!B:X,3,FALSE),0) -> es Spain | F17: =IFERROR(VLOOKUP($C17,'World Cup Players'!B:X,9,FALSE),0) -> 67 | G17: =IFERROR(VLOOKUP($C17,'World Cup Players'!B:X,11,FALSE),0) -> 0 | H17: =IFERROR(VLOOKUP($C17,'World Cup Players'!B:X,12,FALSE),0) -> 0 | I17: =IFERROR(VLOOKUP($C17,'GAME WINNING GOALS'!A:B,2,FALSE),0) -> 0 | J17: =IFERROR(VLOOKUP($C17,'World Cup Players'!B:X,17,FALSE),0) -> 0 | K17: =IFERROR(VLOOKUP($C17,'World Cup Players'!B:X,18,FALSE),0) -> 0 | L17: =IFERROR(VLOOKUP($C17,'World Cup GK'!B:AE,16,FALSE),0) -> 0 | M17: =IFERROR(VLOOKUP($C17,'World Cup GK'!B:AE,19,FALSE),0) -> 0 | N17: =IFERROR(VLOOKUP($C17,'World Cup GK'!B:AE,14,FALSE),0) -> 0 | O17: =IFERROR(VLOOKUP($C17,'World Cup GK'!B:AE,11,FALSE),0) -> 0 | P17: =SUM((F17*0.0083)+G17+H17+I17+L17+M17+(N17*0.2))-((J17*0.25)+(K17*0.5))-(O17*0.25) -> 0.5561 | S17: Naveen Maharaj | T17: =RANK(X17,$X$5:$X$45) -> 25 | U17: Naveen Maharaj | V17: =VLOOKUP(U17,$B$4:$P$1245,15,FALSE) -> 178.7064 | W17: =0.000000001+W16 -> 2.2e-08 | X17: =V17+W17 -> 178.7064 | AB17: 13 | AC17: =VLOOKUP(AB17,$T$5:$V$45,2,FALSE) -> Jacob Posen | AD17: =VLOOKUP(AB17,$T$5:$V$45,3,FALSE) -> 195.016
... C28: Unai Simón | D28: =IFERROR(VLOOKUP($C28,'World Cup Players'!B:X,3,FALSE),0) -> es Spain | F28: =IFERROR(VLOOKUP($C28,'World Cup Players'!B:X,9,FALSE),0) -> 630 | G28: =IFERROR(VLOOKUP($C28,'World Cup Players'!B:X,11,FALSE),0) -> 0 | H28: =IFERROR(VLOOKUP($C28,'World Cup Players'!B:X,12,FALSE),0) -> 0 | I28: =IFERROR(VLOOKUP($C28,'GAME WINNING GOALS'!A:B,2,FALSE),0) -> 0 | J28: =IFERROR(VLOOKUP($C28,'World Cup Players'!B:X,17,FALSE),0) -> 0 | K28: =IFERROR(VLOOKUP($C28,'World Cup Players'!B:X,18,FALSE),0) -> 0 | L28: =IFERROR(VLOOKUP($C28,'World Cup GK'!B:AE,16,FALSE),0) -> 6 | M28: =IFERROR(VLOOKUP($C28,'World Cup GK'!B:AE,19,FALSE),0) -> 6 | N28: =IFERROR(VLOOKUP($C28,'World Cup GK'!B:AE,14,FALSE),0) -> 9 | O28: =IFERROR(VLOOKUP($C28,'World Cup GK'!B:AE,11,FALSE),0) -> 1 | P28: =SUM((F28*0.0083)+G28+H28+I28+L28+M28+(N28*0.2))-((J28*0.25)+(K28*0.5))-(O28*0.25) -> 18.779 | S28: Brian Ihnacak | T28: =RANK(X28,$X$5:$X$45) -> 4 | U28: Brian Ihnacak | V28: =VLOOKUP(U28,$B$4:$P$1245,15,FALSE) -> 208.8653 | W28: =0.000000001+W27 -> 3.3e-08 | X28: =V28+W28 -> 208.8653 | AB28: 24 | AC28: =VLOOKUP(AB28,$T$5:$V$45,2,FALSE) -> Mark Mullrooney | AD28: =VLOOKUP(AB28,$T$5:$V$45,3,FALSE) -> 181.7636
C29: Jordan Pickford | D29: =IFERROR(VLOOKUP($C29,'World Cup Players'!B:X,3,FALSE),0) -> eng England | F29: =IFERROR(VLOOKUP($C29,'World Cup Players'!B:X,9,FALSE),0) -> 660 | G29: =IFERROR(VLOOKUP($C29,'World Cup Players'!B:X,11,FALSE),0) -> 0 | H29: =IFERROR(VLOOKUP($C29,'World Cup Players'!B:X,12,FALSE),0) -> 0 | I29: =IFERROR(VLOOKUP($C29,'GAME WINNING GOALS'!A:B,2,FALSE),0) -> 0 | J29: =IFERROR(VLOOKUP($C29,'World Cup Players'!B:X,17,FALSE),0) -> 0 | K29: =IFERROR(VLOOKUP($C29,'World Cup Players'!B:X,18,FALSE),0) -> 0 | L29: =IFERROR(VLOOKUP($C29,'World Cup GK'!B:AE,16,FALSE),0) -> 5 | M29: =IFERROR(VLOOKUP($C29,'World Cup GK'!B:AE,19,FALSE),0) -> 2 | N29: =IFERROR(VLOOKUP($C29,'World Cup GK'!B:AE,14,FALSE),0) -> 15 | O29: =IFERROR(VLOOKUP($C29,'World Cup GK'!B:AE,11,FALSE),0) -> 8 | P29: =SUM((F29*0.0083)+G29+H29+I29+L29+M29+(N29*0.2))-((J29*0.25)+(K29*0.5)+(O29*0.25)) -> 13.478 | S29: Jeff Bigelow | T29: =RANK(X29,$X$5:$X$45) -> 40 | U29: Jeff Bigelow | V29: =VLOOKUP(U29,$B$4:$P$1245,15,FALSE) -> 160.9949 | W29: =0.000000001+W28 -> 3.4e-08 | X29: =V29+W29 -> 160.9949 | AB29: 25 | AC29: =VLOOKUP(AB29,$T$5:$V$45,2,FALSE) -> Naveen Maharaj | AD29: =VLOOKUP(AB29,$T$5:$V$45,3,FALSE) -> 178.7064
C30: Yassine Bounou | D30: =IFERROR(VLOOKUP($C30,'World Cup Players'!B:X,3,FALSE),0) -> ma Morocco | F30: =IFERROR(VLOOKUP($C30,'World Cup Players'!B:X,9,FALSE),0) -> 570 | G30: =IFERROR(VLOOKUP($C30,'World Cup Players'!B:X,11,FALSE),0) -> 0 | H30: =IFERROR(VLOOKUP($C30,'World Cup Players'!B:X,12,FALSE),0) -> 0 | I30: =IFERROR(VLOOKUP($C30,'GAME WINNING GOALS'!A:B,2,FALSE),0) -> 0 | J30: =IFERROR(VLOOKUP($C30,'World Cup Players'!B:X,17,FALSE),0) -> 0 | K30: =IFERROR(VLOOKUP($C30,'World Cup Players'!B:X,18,FALSE),0) -> 0 | L30: =IFERROR(VLOOKUP($C30,'World Cup GK'!B:AE,16,FALSE),0) -> 3 | M30: =IFERROR(VLOOKUP($C30,'World Cup GK'!B:AE,19,FALSE),0) -> 2 | N30: =IFERROR(VLOOKUP($C30,'World Cup GK'!B:AE,14,FALSE),0) -> 14 | O30: =IFERROR(VLOOKUP($C30,'World Cup GK'!B:AE,11,FALSE),0) -> 6 | P30: =SUM((F30*0.0083)+G30+H30+I30+L30+M30+(N30*0.2))-((J30*0.25)+(K30*0.5))-(O30*0.25) -> 11.031 | S30: Steve Mastoras | T30: =RANK(X30,$X$5:$X$45) -> 26 | U30: Steve Mastoras | V30: =VLOOKUP(U30,$B$4:$P$1245,15,FALSE) -> 178.4533 | W30: =0.000000001+W29 -> 3.5e-08 | X30: =V30+W30 -> 178.4533 | AB30: 26 | AC30: =VLOOKUP(AB30,$T$5:$V$45,2,FALSE) -> Steve Mastoras | AD30: =VLOOKUP(AB30,$T$5:$V$45,3,FALSE) -> 178.4533
C31: Ørjan Nyland | D31: =IFERROR(VLOOKUP($C31,'World Cup Players'!B:X,3,FALSE),0) -> no Norway | F31: =IFERROR(VLOOKUP($C31,'World Cup Players'!B:X,9,FALSE),0) -> 480 | G31: =IFERROR(VLOOKUP($C31,'World Cup Players'!B:X,11,FALSE),0) -> 0 | H31: =IFERROR(VLOOKUP($C31,'World Cup Players'!B:X,12,FALSE),0) -> 0 | I31: =IFERROR(VLOOKUP($C31,'GAME WINNING GOALS'!A:B,2,FALSE),0) -> 0 | J31: =IFERROR(VLOOKUP($C31,'World Cup Players'!B:X,17,FALSE),0) -> 0 | K31: =IFERROR(VLOOKUP($C31,'World Cup Players'!B:X,18,FALSE),0) -> 0 | L31: =IFERROR(VLOOKUP($C31,'World Cup GK'!B:AE,16,FALSE),0) -> 4 | M31: =IFERROR(VLOOKUP($C31,'World Cup GK'!B:AE,19,FALSE),0) -> 0 | N31: =IFERROR(VLOOKUP($C31,'World Cup GK'!B:AE,14,FALSE),0) -> 15 | O31: =IFERROR(VLOOKUP($C31,'World Cup GK'!B:AE,11,FALSE),0) -> 7 | P31: =SUM((F31*0.0083)+G31+H31+I31+L31+M31+(N31*0.2))-((J31*0.25)+(K31*0.5))-(O31*0.25) -> 9.234 | S31: Louise Pickles | T31: =RANK(X31,$X$5:$X$45) -> 5 | U31: Louise Pickles | V31: =VLOOKUP(U31,$B$4:$P$1245,15,FALSE) -> 207.184 | W31: =0.000000001+W30 -> 3.6e-08 | X31: =V31+W31 -> 207.184 | AB31: 27 | AC31: =VLOOKUP(AB31,$T$5:$V$45,2,FALSE) -> Paddy McConvey | AD31: =VLOOKUP(AB31,$T$5:$V$45,3,FALSE) -> 178.3718
C32: Maxime Crépeau | D32: =IFERROR(VLOOKUP($C32,'World Cup Players'!B:X,3,FALSE),0) -> ca Canada | F32: =IFERROR(VLOOKUP($C32,'World Cup Players'!B:X,9,FALSE),0) -> 450 | G32: =IFERROR(VLOOKUP($C32,'World Cup Players'!B:X,11,FALSE),0) -> 0 | H32: =IFERROR(VLOOKUP($C32,'World Cup Players'!B:X,12,FALSE),0) -> 0 | I32: =IFERROR(VLOOKUP($C32,'GAME WINNING GOALS'!A:B,2,FALSE),0) -> 0 | J32: =IFERROR(VLOOKUP($C32,'World Cup Players'!B:X,17,FALSE),0) -> 0 | K32: =IFERROR(VLOOKUP($C32,'World Cup Players'!B:X,18,FALSE),0) -> 0 | L32: =IFERROR(VLOOKUP($C32,'World Cup GK'!B:AE,16,FALSE),0) -> 2 | M32: =IFERROR(VLOOKUP($C32,'World Cup GK'!B:AE,19,FALSE),0) -> 2 | N32: =IFERROR(VLOOKUP($C32,'World Cup GK'!B:AE,14,FALSE),0) -> 6 | O32: =IFERROR(VLOOKUP($C32,'World Cup GK'!B:AE,11,FALSE),0) -> 6 | P32: =SUM((F32*0.0083)+G32+H32+I32+L32+M32+(N32*0.2))-((J32*0.25)+(K32*0.5))-(O32*0.25) -> 7.435 | S32: Rod Akins | T32: =RANK(X32,$X$5:$X$45) -> 30 | U32: Rod Akins | V32: =VLOOKUP(U32,$B$4:$P$1245,15,FALSE) -> 174.0397 | W32: =0.000000001+W31 -> 3.7e-08 | X32: =V32+W32 -> 174.0397 | AB32: 28 | AC32: =VLOOKUP(AB32,$T$5:$V$45,2,FALSE) -> Ivan Cajic | AD32: =VLOOKUP(AB32,$T$5:$V$45,3,FALSE) -> 176.3733
C33: ENGLAND | D33: =IFERROR(VLOOKUP($C33,'World Cup Players'!B:X,3,FALSE),0) -> 0 | F33: =IFERROR(VLOOKUP($C33,'World Cup Players'!B:X,9,FALSE),0) -> 0 | G33: =IFERROR(VLOOKUP($C33,'World Cup Players'!B:X,11,FALSE),0) -> 0 | H33: 0 | I33: =IFERROR(VLOOKUP($C33,'GAME WINNING GOALS'!A:B,2,FALSE),0) -> 1 | J33: =IFERROR(VLOOKUP($C33,'World Cup Players'!B:X,17,FALSE),0) -> 0 | K33: =IFERROR(VLOOKUP($C33,'World Cup Players'!B:X,18,FALSE),0) -> 0 | L33: =IFERROR(VLOOKUP($C33,'World Cup GK'!B:AE,16,FALSE),0) -> 0 | M33: =IFERROR(VLOOKUP($C33,'World Cup GK'!B:AE,19,FALSE),0) -> 0 | N33: =IFERROR(VLOOKUP($C33,'World Cup GK'!B:AE,14,FALSE),0) -> 0 | O33: =IFERROR(VLOOKUP($C33,'World Cup GK'!B:AE,11,FALSE),0) -> 0 | P33: =SUM((F33*0.0083)+G33+H33+I33+L33+M33+(N33*0.2))-((J33*0.25)+(K33*0.5))-(O33*0.25) -> 1 | S33: Andy MacDonald | T33: =RANK(X33,$X$5:$X$45) -> 21 | U33: Andy MacDonald | V33: =VLOOKUP(U33,$B$4:$P$1245,15,FALSE) -> 186.7096 | W33: =0.000000001+W32 -> 3.8e-08 | X33: =V33+W33 -> 186.7096 | AB33: 29 | AC33: =VLOOKUP(AB33,$T$5:$V$45,2,FALSE) -> Kevin Kernohan | AD33: =VLOOKUP(AB33,$T$5:$V$45,3,FALSE) -> 175.7492
C34: SPAIN | D34: =IFERROR(VLOOKUP($C34,'World Cup Players'!B:X,3,FALSE),0) -> 0 | F34: =IFERROR(VLOOKUP($C34,'World Cup Players'!B:X,9,FALSE),0) -> 0 | G34: =IFERROR(VLOOKUP($C34,'World Cup Players'!B:X,11,FALSE),0) -> 0 | H34: 2 | I34: =IFERROR(VLOOKUP($C34,'GAME WINNING GOALS'!A:B,2,FALSE),0) -> 1 | J34: =IFERROR(VLOOKUP($C34,'World Cup Players'!B:X,17,FALSE),0) -> 0 | K34: =IFERROR(VLOOKUP($C34,'World Cup Players'!B:X,18,FALSE),0) -> 0 | L34: =IFERROR(VLOOKUP($C34,'World Cup GK'!B:AE,16,FALSE),0) -> 0 | M34: =IFERROR(VLOOKUP($C34,'World Cup GK'!B:AE,19,FALSE),0) -> 0 | N34: =IFERROR(VLOOKUP($C34,'World Cup GK'!B:AE,14,FALSE),0) -> 0 | O34: =IFERROR(VLOOKUP($C34,'World Cup GK'!B:AE,11,FALSE),0) -> 0 | P34: =SUM((F34*0.0083)+G34+H34+I34+L34+M34+(N34*0.2))-((J34*0.25)+(K34*0.5))-(O34*0.25) -> 3 | S34: John Mullrooney | T34: =RANK(X34,$X$5:$X$45) -> 10 | U34: John Mullrooney | V34: =VLOOKUP(U34,$B$4:$P$1245,15,FALSE) -> 199.5535 | W34: =0.000000001+W33 -> 3.9e-08 | X34: =V34+W34 -> 199.5535 | AB34: 30 | AC34: =VLOOKUP(AB34,$T$5:$V$45,2,FALSE) -> Rod Akins | AD34: =VLOOKUP(AB34,$T$5:$V$45,3,FALSE) -> 174.0397
C35: BRAZIL | D35: =IFERROR(VLOOKUP($C35,'World Cup Players'!B:X,3,FALSE),0) -> 0 | F35: =IFERROR(VLOOKUP($C35,'World Cup Players'!B:X,9,FALSE),0) -> 0 | G35: =IFERROR(VLOOKUP($C35,'World Cup Players'!B:X,11,FALSE),0) -> 0 | H35: =IFERROR(VLOOKUP($C35,'World Cup Players'!B:X,12,FALSE),0) -> 0 | I35: =IFERROR(VLOOKUP($C35,'GAME WINNING GOALS'!A:B,2,FALSE),0) -> 0 | J35: =IFERROR(VLOOKUP($C35,'World Cup Players'!B:X,17,FALSE),0) -> 0 | K35: =IFERROR(VLOOKUP($C35,'World Cup Players'!B:X,18,FALSE),0) -> 0 | L35: =IFERROR(VLOOKUP($C35,'World Cup GK'!B:AE,16,FALSE),0) -> 0 | M35: =IFERROR(VLOOKUP($C35,'World Cup GK'!B:AE,19,FALSE),0) -> 0 | N35: =IFERROR(VLOOKUP($C35,'World Cup GK'!B:AE,14,FALSE),0) -> 0 | O35: =IFERROR(VLOOKUP($C35,'World Cup GK'!B:AE,11,FALSE),0) -> 0 | P35: =SUM((F35*0.0083)+G35+H35+I35+L35+M35+(N35*0.2))-((J35*0.25)+(K35*0.5))-(O35*0.25) -> 0 | S35: Patrick Mullrooney | T35: =RANK(X35,$X$5:$X$45) -> 19 | U35: Patrick Mullrooney | V35: =VLOOKUP(U35,$B$4:$P$1245,15,FALSE) -> 188.5115 | W35: =0.000000001+W34 -> 4e-08 | X35: =V35+W35 -> 188.5115 | AB35: 31 | AC35: =VLOOKUP(AB35,$T$5:$V$45,2,FALSE) -> Tom Mullrooney | AD35: =VLOOKUP(AB35,$T$5:$V$45,3,FALSE) -> 173.0693
B36: Eleni Mastoras | D36: =SUM(D37:D61) -> 0 | E36: =SUM(E37:E61) -> 0 | F36: =SUM(F37:F66) -> 11165 | G36: =SUM(G37:G66) -> 26 | H36: =SUM(H37:H66) -> 21 | I36: =SUM(I37:I66) -> 11 | J36: =SUM(J37:J66) -> 10 | K36: =SUM(K37:K66) -> 1 | L36: =SUM(L37:L66) -> 13 | M36: =SUM(M37:M66) -> 6 | ... O36: =SUM(O37:O66) -> 27 | P36: =SUM((F36*0.0083)+G36+H36+I36+L36+M36+(N36*0.2))-((J36*0.25)+(K36*0.5))-(O36*0.25) -> 168.7195 | S36: Kim Gauthier | T36: =RANK(X36,$X$5:$X$45) -> 12 | U36: Kim Gauthier | V36: =VLOOKUP(U36,$B$4:$P$1245,15,FALSE) -> 195.3765 | W36: =0.000000001+W35 -> 4.1e-08 | X36: =V36+W36 -> 195.3765 | AB36: 32 | AC36: =VLOOKUP(AB36,$T$5:$V$45,2,FALSE) -> Hudson Algor | AD36: =VLOOKUP(AB36,$T$5:$V$45,3,FALSE) -> 172.8513
C37: Kylian Mbappé | D37: =IFERROR(VLOOKUP($C37,'World Cup Players'!B:X,3,FALSE),0) -> fr France | F37: =IFERROR(VLOOKUP($C37,'World Cup Players'!B:X,9,FALSE),0) -> 605 | G37: =IFERROR(VLOOKUP($C37,'World Cup Players'!B:X,11,FALSE),0) -> 8 | H37: =IFERROR(VLOOKUP($C37,'World Cup Players'!B:X,12,FALSE),0) -> 3 | I37: =IFERROR(VLOOKUP($C37,'GAME WINNING GOALS'!A:B,2,FALSE),0) -> 4 | J37: =IFERROR(VLOOKUP($C37,'World Cup Players'!B:X,17,FALSE),0) -> 1 | K37: =IFERROR(VLOOKUP($C37,'World Cup Players'!B:X,18,FALSE),0) -> 0 | L37: =IFERROR(VLOOKUP($C37,'World Cup GK'!B:AE,16,FALSE),0) -> 0 | M37: =IFERROR(VLOOKUP($C37,'World Cup GK'!B:AE,19,FALSE),0) -> 0 | N37: =IFERROR(VLOOKUP($C37,'World Cup GK'!B:AE,14,FALSE),0) -> 0 | O37: =IFERROR(VLOOKUP($C37,'World Cup GK'!B:AE,11,FALSE),0) -> 0 | P37: =SUM((F37*0.0083)+G37+H37+I37+L37+M37+(N37*0.2))-((J37*0.25)+(K37*0.5))-(O37*0.25) -> 19.7715 | S37: Maureen Mullrooney | T37: =RANK(X37,$X$5:$X$45) -> 39 | U37: Maureen Mullrooney | V37: =VLOOKUP(U37,$B$4:$P$1245,15,FALSE) -> 161.2094 | W37: =0.000000001+W36 -> 4.2e-08 | X37: =V37+W37 -> 161.2094 | AB37: 33 | AC37: =VLOOKUP(AB37,$T$5:$V$45,2,FALSE) -> Michael Formusa | AD37: =VLOOKUP(AB37,$T$5:$V$45,3,FALSE) -> 171.2772
C38: Marcus Thuram | D38: =IFERROR(VLOOKUP($C38,'World Cup Players'!B:X,3,FALSE),0) -> fr France | F38: =IFERROR(VLOOKUP($C38,'World Cup Players'!B:X,9,FALSE),0) -> 1 | G38: =IFERROR(VLOOKUP($C38,'World Cup Players'!B:X,11,FALSE),0) -> 0 | H38: =IFERROR(VLOOKUP($C38,'World Cup Players'!B:X,12,FALSE),0) -> 0 | I38: =IFERROR(VLOOKUP($C38,'GAME WINNING GOALS'!A:B,2,FALSE),0) -> 0 | J38: =IFERROR(VLOOKUP($C38,'World Cup Players'!B:X,17,FALSE),0) -> 0 | K38: =IFERROR(VLOOKUP($C38,'World Cup Players'!B:X,18,FALSE),0) -> 0 | L38: =IFERROR(VLOOKUP($C38,'World Cup GK'!B:AE,16,FALSE),0) -> 0 | M38: =IFERROR(VLOOKUP($C38,'World Cup GK'!B:AE,19,FALSE),0) -> 0 | N38: =IFERROR(VLOOKUP($C38,'World Cup GK'!B:AE,14,FALSE),0) -> 0 | O38: =IFERROR(VLOOKUP($C38,'World Cup GK'!B:AE,11,FALSE),0) -> 0 | P38: =SUM((F38*0.0083)+G38+H38+I38+L38+M38+(N38*0.2))-((J38*0.25)+(K38*0.5))-(O38*0.25) -> 0.0083 | S38: Brian Jefferson | T38: =RANK(X38,$X$5:$X$45) -> 37 | U38: Brian Jefferson | V38: =VLOOKUP(U38,$B$4:$P$1245,15,FALSE) -> 165.0522 | W38: =0.000000001+W37 -> 4.3e-08 | X38: =V38+W38 -> 165.0522 | AB38: 34 | AC38: =VLOOKUP(AB38,$T$5:$V$45,2,FALSE) -> Bonnie Mullrooney | AD38: =VLOOKUP(AB38,$T$5:$V$45,3,FALSE) -> 171.036
C39: Breel Embolo | D39: =IFERROR(VLOOKUP($C39,'World Cup Players'!B:X,3,FALSE),0) -> ch Switzerland | F39: =IFERROR(VLOOKUP($C39,'World Cup Players'!B:X,9,FALSE),0) -> 501 | G39: =IFERROR(VLOOKUP($C39,'World Cup Players'!B:X,11,FALSE),0) -> 2 | H39: =IFERROR(VLOOKUP($C39,'World Cup Players'!B:X,12,FALSE),0) -> 2 | I39: =IFERROR(VLOOKUP($C39,'GAME WINNING GOALS'!A:B,2,FALSE),0) -> 1 | J39: =IFERROR(VLOOKUP($C39,'World Cup Players'!B:X,17,FALSE),0) -> 2 | K39: =IFERROR(VLOOKUP($C39,'World Cup Players'!B:X,18,FALSE),0) -> 1 | L39: =IFERROR(VLOOKUP($C39,'World Cup GK'!B:AE,16,FALSE),0) -> 0 | M39: =IFERROR(VLOOKUP($C39,'World Cup GK'!B:AE,19,FALSE),0) -> 0 | N39: =IFERROR(VLOOKUP($C39,'World Cup GK'!B:AE,14,FALSE),0) -> 0 | O39: =IFERROR(VLOOKUP($C39,'World Cup GK'!B:AE,11,FALSE),0) -> 0 | P39: =SUM((F39*0.0083)+G39+H39+I39+L39+M39+(N39*0.2))-((J39*0.25)+(K39*0.5))-(O39*0.25) -> 8.1583 | S39: Jacob Posen | T39: =RANK(X39,$X$5:$X$45) -> 13 | U39: Jacob Posen | V39: =VLOOKUP(U39,$B$4:$P$1245,15,FALSE) -> 195.016 | W39: =0.000000001+W38 -> 4.4e-08 | X39: =V39+W39 -> 195.016 | AB39: 35 | AC39: =VLOOKUP(AB39,$T$5:$V$45,2,FALSE) -> Eleni Mastoras | AD39: =VLOOKUP(AB39,$T$5:$V$45,3,FALSE) -> 168.7195
C40: Ousmane Dembélé | D40: =IFERROR(VLOOKUP($C40,'World Cup Players'!B:X,3,FALSE),0) -> fr France | F40: =IFERROR(VLOOKUP($C40,'World Cup Players'!B:X,9,FALSE),0) -> 547 | G40: =IFERROR(VLOOKUP($C40,'World Cup Players'!B:X,11,FALSE),0) -> 5 | H40: =IFERROR(VLOOKUP($C40,'World Cup Players'!B:X,12,FALSE),0) -> 2 | I40: =IFERROR(VLOOKUP($C40,'GAME WINNING GOALS'!A:B,2,FALSE),0) -> 1 | J40: =IFERROR(VLOOKUP($C40,'World Cup Players'!B:X,17,FALSE),0) -> 0 | K40: =IFERROR(VLOOKUP($C40,'World Cup Players'!B:X,18,FALSE),0) -> 0 | L40: =IFERROR(VLOOKUP($C40,'World Cup GK'!B:AE,16,FALSE),0) -> 0 | M40: =IFERROR(VLOOKUP($C40,'World Cup GK'!B:AE,19,FALSE),0) -> 0 | N40: =IFERROR(VLOOKUP($C40,'World Cup GK'!B:AE,14,FALSE),0) -> 0 | O40: =IFERROR(VLOOKUP($C40,'World Cup GK'!B:AE,11,FALSE),0) -> 0 | P40: =SUM((F40*0.0083)+G40+H40+I40+L40+M40+(N40*0.2))-((J40*0.25)+(K40*0.5))-(O40*0.25) -> 12.5401 | S40: Nathan Kessous | T40: =RANK(X40,$X$5:$X$45) -> 7 | U40: Nathan Kessous | V40: =VLOOKUP(U40,$B$4:$P$1245,15,FALSE) -> 202.827 | W40: =0.000000001+W39 -> 4.5e-08 | X40: =V40+W40 -> 202.827 | AB40: 36 | AC40: =VLOOKUP(AB40,$T$5:$V$45,2,FALSE) -> Kathryn Schierling | AD40: =VLOOKUP(AB40,$T$5:$V$45,3,FALSE) -> 167.2098
C41: Mikel Oyarzabal | D41: =IFERROR(VLOOKUP($C41,'World Cup Players'!B:X,3,FALSE),0) -> es Spain | F41: =IFERROR(VLOOKUP($C41,'World Cup Players'!B:X,9,FALSE),0) -> 540 | G41: =IFERROR(VLOOKUP($C41,'World Cup Players'!B:X,11,FALSE),0) -> 5 | H41: =IFERROR(VLOOKUP($C41,'World Cup Players'!B:X,12,FALSE),0) -> 1 | I41: =IFERROR(VLOOKUP($C41,'GAME WINNING GOALS'!A:B,2,FALSE),0) -> 2 | J41: =IFERROR(VLOOKUP($C41,'World Cup Players'!B:X,17,FALSE),0) -> 0 | K41: =IFERROR(VLOOKUP($C41,'World Cup Players'!B:X,18,FALSE),0) -> 0 | L41: =IFERROR(VLOOKUP($C41,'World Cup GK'!B:AE,16,FALSE),0) -> 0 | M41: =IFERROR(VLOOKUP($C41,'World Cup GK'!B:AE,19,FALSE),0) -> 0 | N41: =IFERROR(VLOOKUP($C41,'World Cup GK'!B:AE,14,FALSE),0) -> 0 | O41: =IFERROR(VLOOKUP($C41,'World Cup GK'!B:AE,11,FALSE),0) -> 0 | P41: =SUM((F41*0.0083)+G41+H41+I41+L41+M41+(N41*0.2))-((J41*0.25)+(K41*0.5))-(O41*0.25) -> 12.482 | S41: Justin Algor | T41: =RANK(X41,$X$5:$X$45) -> 17 | U41: Justin Algor | V41: =VLOOKUP(U41,$B$4:$P$1245,15,FALSE) -> 190.1306 | W41: =0.000000001+W40 -> 4.6e-08 | X41: =V41+W41 -> 190.1306 | AB41: 37 | AC41: =VLOOKUP(AB41,$T$5:$V$45,2,FALSE) -> Brian Jefferson | AD41: =VLOOKUP(AB41,$T$5:$V$45,3,FALSE) -> 165.0522
C42: Rodri | D42: =IFERROR(VLOOKUP($C42,'World Cup Players'!B:X,3,FALSE),0) -> es Spain | F42: =IFERROR(VLOOKUP($C42,'World Cup Players'!B:X,9,FALSE),0) -> 626 | G42: =IFERROR(VLOOKUP($C42,'World Cup Players'!B:X,11,FALSE),0) -> 0 | H42: =IFERROR(VLOOKUP($C42,'World Cup Players'!B:X,12,FALSE),0) -> 0 | I42: =IFERROR(VLOOKUP($C42,'GAME WINNING GOALS'!A:B,2,FALSE),0) -> 0 | J42: =IFERROR(VLOOKUP($C42,'World Cup Players'!B:X,17,FALSE),0) -> 0 | K42: =IFERROR(VLOOKUP($C42,'World Cup Players'!B:X,18,FALSE),0) -> 0 | L42: =IFERROR(VLOOKUP($C42,'World Cup GK'!B:AE,16,FALSE),0) -> 0 | M42: =IFERROR(VLOOKUP($C42,'World Cup GK'!B:AE,19,FALSE),0) -> 0 | N42: =IFERROR(VLOOKUP($C42,'World Cup GK'!B:AE,14,FALSE),0) -> 0 | O42: =IFERROR(VLOOKUP($C42,'World Cup GK'!B:AE,11,FALSE),0) -> 0 | P42: =SUM((F42*0.0083)+G42+H42+I42+L42+M42+(N42*0.2))-((J42*0.25)+(K42*0.5))-(O42*0.25) -> 5.1958 | S42: Hudson Algor | T42: =RANK(X42,$X$5:$X$45) -> 32 | U42: Hudson Algor | V42: =VLOOKUP(U42,$B$4:$P$1245,15,FALSE) -> 172.8513 | W42: =0.000000001+W41 -> 4.7e-08 | X42: =V42+W42 -> 172.8513 | AB42: 38 | AC42: =VLOOKUP(AB42,$T$5:$V$45,2,FALSE) -> Julian Santia | AD42: =VLOOKUP(AB42,$T$5:$V$45,3,FALSE) -> 162.7527
C43: Aurélien Tchouaméni | D43: =IFERROR(VLOOKUP($C43,'World Cup Players'!B:X,3,FALSE),0) -> fr France | F43: =IFERROR(VLOOKUP($C43,'World Cup Players'!B:X,9,FALSE),0) -> 360 | G43: =IFERROR(VLOOKUP($C43,'World Cup Players'!B:X,11,FALSE),0) -> 0 | H43: =IFERROR(VLOOKUP($C43,'World Cup Players'!B:X,12,FALSE),0) -> 1 | I43: =IFERROR(VLOOKUP($C43,'GAME WINNING GOALS'!A:B,2,FALSE),0) -> 0 | J43: =IFERROR(VLOOKUP($C43,'World Cup Players'!B:X,17,FALSE),0) -> 1 | K43: =IFERROR(VLOOKUP($C43,'World Cup Players'!B:X,18,FALSE),0) -> 0 | L43: =IFERROR(VLOOKUP($C43,'World Cup GK'!B:AE,16,FALSE),0) -> 0 | M43: =IFERROR(VLOOKUP($C43,'World Cup GK'!B:AE,19,FALSE),0) -> 0 | N43: =IFERROR(VLOOKUP($C43,'World Cup GK'!B:AE,14,FALSE),0) -> 0 | O43: =IFERROR(VLOOKUP($C43,'World Cup GK'!B:AE,11,FALSE),0) -> 0 | P43: =SUM((F43*0.0083)+G43+H43+I43+L43+M43+(N43*0.2))-((J43*0.25)+(K43*0.5))-(O43*0.25) -> 3.738 | S43: Thayer Algor | T43: =RANK(X43,$X$5:$X$45) -> 2 | U43: Thayer Algor | V43: =VLOOKUP(U43,$B$4:$P$1245,15,FALSE) -> 214.0375 | W43: =0.000000001+W42 -> 4.8e-08 | X43: =V43+W43 -> 214.0375 | AB43: 39 | AC43: =VLOOKUP(AB43,$T$5:$V$45,2,FALSE) -> Maureen Mullrooney | AD43: =VLOOKUP(AB43,$T$5:$V$45,3,FALSE) -> 161.2094
C44: Alexis Mac Allister | D44: =IFERROR(VLOOKUP($C44,'World Cup Players'!B:X,3,FALSE),0) -> ar Argentina | F44: =IFERROR(VLOOKUP($C44,'World Cup Players'!B:X,9,FALSE),0) -> 630 | G44: =IFERROR(VLOOKUP($C44,'World Cup Players'!B:X,11,FALSE),0) -> 1 | H44: =IFERROR(VLOOKUP($C44,'World Cup Players'!B:X,12,FALSE),0) -> 1 | I44: =IFERROR(VLOOKUP($C44,'GAME WINNING GOALS'!A:B,2,FALSE),0) -> 0 | J44: =IFERROR(VLOOKUP($C44,'World Cup Players'!B:X,17,FALSE),0) -> 0 | K44: =IFERROR(VLOOKUP($C44,'World Cup Players'!B:X,18,FALSE),0) -> 0 | L44: =IFERROR(VLOOKUP($C44,'World Cup GK'!B:AE,16,FALSE),0) -> 0 | M44: =IFERROR(VLOOKUP($C44,'World Cup GK'!B:AE,19,FALSE),0) -> 0 | N44: =IFERROR(VLOOKUP($C44,'World Cup GK'!B:AE,14,FALSE),0) -> 0 | O44: =IFERROR(VLOOKUP($C44,'World Cup GK'!B:AE,11,FALSE),0) -> 0 | P44: =SUM((F44*0.0083)+G44+H44+I44+L44+M44+(N44*0.2))-((J44*0.25)+(K44*0.5))-(O44*0.25) -> 7.229 | S44: Julian Brown | T44: =RANK(X44,$X$5:$X$45) -> 6 | U44: Julian Brown | V44: =VLOOKUP(U44,$B$4:$P$1245,15,FALSE) -> 204.4935 | W44: =0.000000001+W43 -> 4.9e-08 | X44: =V44+W44 -> 204.4935 | AB44: 40 | AC44: =VLOOKUP(AB44,$T$5:$V$45,2,FALSE) -> Jeff Bigelow | AD44: =VLOOKUP(AB44,$T$5:$V$45,3,FALSE) -> 160.9949
C45: Ayase Ueda | D45: =IFERROR(VLOOKUP($C45,'World Cup Players'!B:X,3,FALSE),0) -> jp Japan | F45: =IFERROR(VLOOKUP($C45,'World Cup Players'!B:X,9,FALSE),0) -> 321 | G45: =IFERROR(VLOOKUP($C45,'World Cup Players'!B:X,11,FALSE),0) -> 2 | H45: =IFERROR(VLOOKUP($C45,'World Cup Players'!B:X,12,FALSE),0) -> 1 | I45: =IFERROR(VLOOKUP($C45,'GAME WINNING GOALS'!A:B,2,FALSE),0) -> 0 | J45: =IFERROR(VLOOKUP($C45,'World Cup Players'!B:X,17,FALSE),0) -> 0 | K45: =IFERROR(VLOOKUP($C45,'World Cup Players'!B:X,18,FALSE),0) -> 0 | L45: =IFERROR(VLOOKUP($C45,'World Cup GK'!B:AE,16,FALSE),0) -> 0 | M45: =IFERROR(VLOOKUP($C45,'World Cup GK'!B:AE,19,FALSE),0) -> 0 | N45: =IFERROR(VLOOKUP($C45,'World Cup GK'!B:AE,14,FALSE),0) -> 0 | O45: =IFERROR(VLOOKUP($C45,'World Cup GK'!B:AE,11,FALSE),0) -> 0 | P45: =SUM((F45*0.0083)+G45+H45+I45+L45+M45+(N45*0.2))-((J45*0.25)+(K45*0.5))-(O45*0.25) -> 5.6643 | T45: =RANK(X45,$X$5:$X$45) -> 16 | U45: Leo Mastoras | V45: =VLOOKUP(U45,$B$4:$P$1245,15,FALSE) -> 191.5771 | W45: =0.000000001+W44 -> 5e-08 | X45: =V45+W45 -> 191.5771 | AB45: 41 | AC45: =VLOOKUP(AB45,$T$5:$V$45,2,FALSE) -> Louise Kanopoulos | AD45: =VLOOKUP(AB45,$T$5:$V$45,3,FALSE) -> 156.2515 | AI45: Julian Santia | AJ45: Daniel Swift | AK45: Bryan Woodman | AL45: Victoria Pickles | AM45: James Paltser | AN45: Ajay Maharaj | AO45: Kathleen Mullrooney | AP45: Nicolas Santia | AQ45: Brian Ihnacak | AR45: Brian Jefferson | AS45: Steve Mastoras | AT45: Mike Taylor | AU45: Louise Pickles | AV45: Andrew MacDonald | AW45: James Asaad | AX45: Rod Akins | AY45: Maureen Mullrooney | AZ45: Connor Lee | BA45: Bill Parkinson
C46: Enzo Fernández | D46: =IFERROR(VLOOKUP($C46,'World Cup Players'!B:X,3,FALSE),0) -> ar Argentina | F46: =IFERROR(VLOOKUP($C46,'World Cup Players'!B:X,9,FALSE),0) -> 570 | G46: =IFERROR(VLOOKUP($C46,'World Cup Players'!B:X,11,FALSE),0) -> 2 | H46: =IFERROR(VLOOKUP($C46,'World Cup Players'!B:X,12,FALSE),0) -> 0 | I46: =IFERROR(VLOOKUP($C46,'GAME WINNING GOALS'!A:B,2,FALSE),0) -> 1 | J46: =IFERROR(VLOOKUP($C46,'World Cup Players'!B:X,17,FALSE),0) -> 0 | K46: =IFERROR(VLOOKUP($C46,'World Cup Players'!B:X,18,FALSE),0) -> 0 | L46: =IFERROR(VLOOKUP($C46,'World Cup GK'!B:AE,16,FALSE),0) -> 0 | M46: =IFERROR(VLOOKUP($C46,'World Cup GK'!B:AE,19,FALSE),0) -> 0 | N46: =IFERROR(VLOOKUP($C46,'World Cup GK'!B:AE,14,FALSE),0) -> 0 | O46: =IFERROR(VLOOKUP($C46,'World Cup GK'!B:AE,11,FALSE),0) -> 0 | P46: =SUM((F46*0.0083)+G46+H46+I46+L46+M46+(N46*0.2))-((J46*0.25)+(K46*0.5))-(O46*0.25) -> 7.731 | T46: =RANK(X46,$X$5:$X$44) -> #N/A | V46: =VLOOKUP(U46,$B$4:$P$1245,15,FALSE) -> #N/A | W46: =0.000000001+W45 -> 5.1e-08 | X46: =V46+W46 -> #N/A
C47: Michael Olise | D47: =IFERROR(VLOOKUP($C47,'World Cup Players'!B:X,3,FALSE),0) -> fr France | F47: =IFERROR(VLOOKUP($C47,'World Cup Players'!B:X,9,FALSE),0) -> 556 | G47: =IFERROR(VLOOKUP($C47,'World Cup Players'!B:X,11,FALSE),0) -> 0 | H47: =IFERROR(VLOOKUP($C47,'World Cup Players'!B:X,12,FALSE),0) -> 5 | I47: =IFERROR(VLOOKUP($C47,'GAME WINNING GOALS'!A:B,2,FALSE),0) -> 0 | J47: =IFERROR(VLOOKUP($C47,'World Cup Players'!B:X,17,FALSE),0) -> 1 | K47: =IFERROR(VLOOKUP($C47,'World Cup Players'!B:X,18,FALSE),0) -> 0 | L47: =IFERROR(VLOOKUP($C47,'World Cup GK'!B:AE,16,FALSE),0) -> 0 | M47: =IFERROR(VLOOKUP($C47,'World Cup GK'!B:AE,19,FALSE),0) -> 0 | N47: =IFERROR(VLOOKUP($C47,'World Cup GK'!B:AE,14,FALSE),0) -> 0 | O47: =IFERROR(VLOOKUP($C47,'World Cup GK'!B:AE,11,FALSE),0) -> 0 | P47: =SUM((F47*0.0083)+G47+H47+I47+L47+M47+(N47*0.2))-((J47*0.25)+(K47*0.5))-(O47*0.25) -> 9.3648 | V47: =VLOOKUP(U47,$B$4:$P$1245,15,FALSE) -> #N/A | W47: =0.000000001+W46 -> 5.2e-08 | X47: =V47+W47 -> #N/A
C48: Nico Williams | D48: =IFERROR(VLOOKUP($C48,'World Cup Players'!B:X,3,FALSE),0) -> es Spain | F48: =IFERROR(VLOOKUP($C48,'World Cup Players'!B:X,9,FALSE),0) -> 67 | G48: =IFERROR(VLOOKUP($C48,'World Cup Players'!B:X,11,FALSE),0) -> 0 | H48: =IFERROR(VLOOKUP($C48,'World Cup Players'!B:X,12,FALSE),0) -> 0 | I48: =IFERROR(VLOOKUP($C48,'GAME WINNING GOALS'!A:B,2,FALSE),0) -> 0 | J48: =IFERROR(VLOOKUP($C48,'World Cup Players'!B:X,17,FALSE),0) -> 0 | K48: =IFERROR(VLOOKUP($C48,'World Cup Players'!B:X,18,FALSE),0) -> 0 | L48: =IFERROR(VLOOKUP($C48,'World Cup GK'!B:AE,16,FALSE),0) -> 0 | M48: =IFERROR(VLOOKUP($C48,'World Cup GK'!B:AE,19,FALSE),0) -> 0 | N48: =IFERROR(VLOOKUP($C48,'World Cup GK'!B:AE,14,FALSE),0) -> 0 | O48: =IFERROR(VLOOKUP($C48,'World Cup GK'!B:AE,11,FALSE),0) -> 0 | P48: =SUM((F48*0.0083)+G48+H48+I48+L48+M48+(N48*0.2))-((J48*0.25)+(K48*0.5))-(O48*0.25) -> 0.5561
C49: Granit Xhaka | D49: =IFERROR(VLOOKUP($C49,'World Cup Players'!B:X,3,FALSE),0) -> ch Switzerland | F49: =IFERROR(VLOOKUP($C49,'World Cup Players'!B:X,9,FALSE),0) -> 600 | G49: =IFERROR(VLOOKUP($C49,'World Cup Players'!B:X,11,FALSE),0) -> 1 | H49: =IFERROR(VLOOKUP($C49,'World Cup Players'!B:X,12,FALSE),0) -> 0 | I49: =IFERROR(VLOOKUP($C49,'GAME WINNING GOALS'!A:B,2,FALSE),0) -> 0 | J49: =IFERROR(VLOOKUP($C49,'World Cup Players'!B:X,17,FALSE),0) -> 2 | K49: =IFERROR(VLOOKUP($C49,'World Cup Players'!B:X,18,FALSE),0) -> 0 | L49: =IFERROR(VLOOKUP($C49,'World Cup GK'!B:AE,16,FALSE),0) -> 0 | M49: =IFERROR(VLOOKUP($C49,'World Cup GK'!B:AE,19,FALSE),0) -> 0 | N49: =IFERROR(VLOOKUP($C49,'World Cup GK'!B:AE,14,FALSE),0) -> 0 | O49: =IFERROR(VLOOKUP($C49,'World Cup GK'!B:AE,11,FALSE),0) -> 0 | P49: =SUM((F49*0.0083)+G49+H49+I49+L49+M49+(N49*0.2))-((J49*0.25)+(K49*0.5))-(O49*0.25) -> 5.48
C50: Ellyes Skhiri | D50: =IFERROR(VLOOKUP($C50,'World Cup Players'!B:X,3,FALSE),0) -> tn Tunisia | F50: =IFERROR(VLOOKUP($C50,'World Cup Players'!B:X,9,FALSE),0) -> 250 | G50: =IFERROR(VLOOKUP($C50,'World Cup Players'!B:X,11,FALSE),0) -> 0 | H50: =IFERROR(VLOOKUP($C50,'World Cup Players'!B:X,12,FALSE),0) -> 0 | I50: =IFERROR(VLOOKUP($C50,'GAME WINNING GOALS'!A:B,2,FALSE),0) -> 0 | J50: =IFERROR(VLOOKUP($C50,'World Cup Players'!B:X,17,FALSE),0) -> 0 | K50: =IFERROR(VLOOKUP($C50,'World Cup Players'!B:X,18,FALSE),0) -> 0 | L50: =IFERROR(VLOOKUP($C50,'World Cup GK'!B:AE,16,FALSE),0) -> 0 | M50: =IFERROR(VLOOKUP($C50,'World Cup GK'!B:AE,19,FALSE),0) -> 0 | N50: =IFERROR(VLOOKUP($C50,'World Cup GK'!B:AE,14,FALSE),0) -> 0 | O50: =IFERROR(VLOOKUP($C50,'World Cup GK'!B:AE,11,FALSE),0) -> 0 | P50: =SUM((F50*0.0083)+G50+H50+I50+L50+M50+(N50*0.2))-((J50*0.25)+(K50*0.5))-(O50*0.25) -> 2.075
C51: Tajon Buchanan | D51: =IFERROR(VLOOKUP($C51,'World Cup Players'!B:X,3,FALSE),0) -> ca Canada | F51: =IFERROR(VLOOKUP($C51,'World Cup Players'!B:X,9,FALSE),0) -> 376 | G51: =IFERROR(VLOOKUP($C51,'World Cup Players'!B:X,11,FALSE),0) -> 0 | H51: =IFERROR(VLOOKUP($C51,'World Cup Players'!B:X,12,FALSE),0) -> 0 | I51: =IFERROR(VLOOKUP($C51,'GAME WINNING GOALS'!A:B,2,FALSE),0) -> 0 | J51: =IFERROR(VLOOKUP($C51,'World Cup Players'!B:X,17,FALSE),0) -> 0 | K51: =IFERROR(VLOOKUP($C51,'World Cup Players'!B:X,18,FALSE),0) -> 0 | L51: =IFERROR(VLOOKUP($C51,'World Cup GK'!B:AE,16,FALSE),0) -> 0 | M51: =IFERROR(VLOOKUP($C51,'World Cup GK'!B:AE,19,FALSE),0) -> 0 | N51: =IFERROR(VLOOKUP($C51,'World Cup GK'!B:AE,14,FALSE),0) -> 0 | O51: =IFERROR(VLOOKUP($C51,'World Cup GK'!B:AE,11,FALSE),0) -> 0 | P51: =SUM((F51*0.0083)+G51+H51+I51+L51+M51+(N51*0.2))-((J51*0.25)+(K51*0.5))-(O51*0.25) -> 3.1208
C52: Mehdi Taremi | D52: =IFERROR(VLOOKUP($C52,'World Cup Players'!B:X,3,FALSE),0) -> ir IR Iran | F52: =IFERROR(VLOOKUP($C52,'World Cup Players'!B:X,9,FALSE),0) -> 259 | G52: =IFERROR(VLOOKUP($C52,'World Cup Players'!B:X,11,FALSE),0) -> 0 | H52: =IFERROR(VLOOKUP($C52,'World Cup Players'!B:X,12,FALSE),0) -> 0 | I52: =IFERROR(VLOOKUP($C52,'GAME WINNING GOALS'!A:B,2,FALSE),0) -> 0 | J52: =IFERROR(VLOOKUP($C52,'World Cup Players'!B:X,17,FALSE),0) -> 0 | K52: =IFERROR(VLOOKUP($C52,'World Cup Players'!B:X,18,FALSE),0) -> 0 | L52: =IFERROR(VLOOKUP($C52,'World Cup GK'!B:AE,16,FALSE),0) -> 0 | M52: =IFERROR(VLOOKUP($C52,'World Cup GK'!B:AE,19,FALSE),0) -> 0 | N52: =IFERROR(VLOOKUP($C52,'World Cup GK'!B:AE,14,FALSE),0) -> 0 | O52: =IFERROR(VLOOKUP($C52,'World Cup GK'!B:AE,11,FALSE),0) -> 0 | P52: =SUM((F52*0.0083)+G52+H52+I52+L52+M52+(N52*0.2))-((J52*0.25)+(K52*0.5))-(O52*0.25) -> 2.1497
C53: Jackson Irvine | D53: =IFERROR(VLOOKUP($C53,'World Cup Players'!B:X,3,FALSE),0) -> au Australia | F53: =IFERROR(VLOOKUP($C53,'World Cup Players'!B:X,9,FALSE),0) -> 223 | G53: =IFERROR(VLOOKUP($C53,'World Cup Players'!B:X,11,FALSE),0) -> 0 | H53: =IFERROR(VLOOKUP($C53,'World Cup Players'!B:X,12,FALSE),0) -> 0 | I53: =IFERROR(VLOOKUP($C53,'GAME WINNING GOALS'!A:B,2,FALSE),0) -> 0 | J53: =IFERROR(VLOOKUP($C53,'World Cup Players'!B:X,17,FALSE),0) -> 1 | K53: =IFERROR(VLOOKUP($C53,'World Cup Players'!B:X,18,FALSE),0) -> 0 | L53: =IFERROR(VLOOKUP($C53,'World Cup GK'!B:AE,16,FALSE),0) -> 0 | M53: =IFERROR(VLOOKUP($C53,'World Cup GK'!B:AE,19,FALSE),0) -> 0 | N53: =IFERROR(VLOOKUP($C53,'World Cup GK'!B:AE,14,FALSE),0) -> 0 | O53: =IFERROR(VLOOKUP($C53,'World Cup GK'!B:AE,11,FALSE),0) -> 0 | P53: =SUM((F53*0.0083)+G53+H53+I53+L53+M53+(N53*0.2))-((J53*0.25)+(K53*0.5))-(O53*0.25) -> 1.6009
C54: Ferrán Torres | D54: =IFERROR(VLOOKUP($C54,'World Cup Players'!B:X,3,FALSE),0) -> es Spain | F54: =IFERROR(VLOOKUP($C54,'World Cup Players'!B:X,9,FALSE),0) -> 229 | G54: =IFERROR(VLOOKUP($C54,'World Cup Players'!B:X,11,FALSE),0) -> 0 | H54: =IFERROR(VLOOKUP($C54,'World Cup Players'!B:X,12,FALSE),0) -> 1 | I54: =IFERROR(VLOOKUP($C54,'GAME WINNING GOALS'!A:B,2,FALSE),0) -> 0 | J54: =IFERROR(VLOOKUP($C54,'World Cup Players'!B:X,17,FALSE),0) -> 1 | K54: =IFERROR(VLOOKUP($C54,'World Cup Players'!B:X,18,FALSE),0) -> 0 | L54: =IFERROR(VLOOKUP($C54,'World Cup GK'!B:AE,16,FALSE),0) -> 0 | M54: =IFERROR(VLOOKUP($C54,'World Cup GK'!B:AE,19,FALSE),0) -> 0 | N54: =IFERROR(VLOOKUP($C54,'World Cup GK'!B:AE,14,FALSE),0) -> 0 | O54: =IFERROR(VLOOKUP($C54,'World Cup GK'!B:AE,11,FALSE),0) -> 0 | P54: =SUM((F54*0.0083)+G54+H54+I54+L54+M54+(N54*0.2))-((J54*0.25)+(K54*0.5))-(O54*0.25) -> 2.6507
C55: Pau Cubarsí | D55: =IFERROR(VLOOKUP($C55,'World Cup Players'!B:X,3,FALSE),0) -> es Spain | F55: =IFERROR(VLOOKUP($C55,'World Cup Players'!B:X,9,FALSE),0) -> 630 | G55: =IFERROR(VLOOKUP($C55,'World Cup Players'!B:X,11,FALSE),0) -> 0 | H55: =IFERROR(VLOOKUP($C55,'World Cup Players'!B:X,12,FALSE),0) -> 0 | I55: =IFERROR(VLOOKUP($C55,'GAME WINNING GOALS'!A:B,2,FALSE),0) -> 0 | J55: =IFERROR(VLOOKUP($C55,'World Cup Players'!B:X,17,FALSE),0) -> 1 | K55: =IFERROR(VLOOKUP($C55,'World Cup Players'!B:X,18,FALSE),0) -> 0 | L55: =IFERROR(VLOOKUP($C55,'World Cup GK'!B:AE,16,FALSE),0) -> 0 | M55: =IFERROR(VLOOKUP($C55,'World Cup GK'!B:AE,19,FALSE),0) -> 0 | N55: =IFERROR(VLOOKUP($C55,'World Cup GK'!B:AE,14,FALSE),0) -> 0 | O55: =IFERROR(VLOOKUP($C55,'World Cup GK'!B:AE,11,FALSE),0) -> 0 | P55: =SUM((F55*0.0083)+G55+H55+I55+L55+M55+(N55*0.2))-((J55*0.25)+(K55*0.5))-(O55*0.25) -> 4.979 | S55: Sean Pickles | T55: Eleni Mastoras | U55: Kevin Pickles | V55: Tom Mullrooney | W55: Bonnie Mullrooney | X55: Michael Formusa | Y55: Dante Di Iulio | Z55: Davide Di Iulio | AA55: Bob Reynolds | AB55: Mark Mullrooney | AC55: Paddy McConvey | AD55: Vishen Maharaj | AE55: Naveen Maharaj | AG55: Ivan Cajic
C56: David Alaba | D56: =IFERROR(VLOOKUP($C56,'World Cup Players'!B:X,3,FALSE),0) -> at Austria | F56: =IFERROR(VLOOKUP($C56,'World Cup Players'!B:X,9,FALSE),0) -> 275 | G56: =IFERROR(VLOOKUP($C56,'World Cup Players'!B:X,11,FALSE),0) -> 0 | H56: =IFERROR(VLOOKUP($C56,'World Cup Players'!B:X,12,FALSE),0) -> 1 | I56: =IFERROR(VLOOKUP($C56,'GAME WINNING GOALS'!A:B,2,FALSE),0) -> 0 | J56: =IFERROR(VLOOKUP($C56,'World Cup Players'!B:X,17,FALSE),0) -> 0 | K56: =IFERROR(VLOOKUP($C56,'World Cup Players'!B:X,18,FALSE),0) -> 0 | L56: =IFERROR(VLOOKUP($C56,'World Cup GK'!B:AE,16,FALSE),0) -> 0 | M56: =IFERROR(VLOOKUP($C56,'World Cup GK'!B:AE,19,FALSE),0) -> 0 | N56: =IFERROR(VLOOKUP($C56,'World Cup GK'!B:AE,14,FALSE),0) -> 0 | O56: =IFERROR(VLOOKUP($C56,'World Cup GK'!B:AE,11,FALSE),0) -> 0 | P56: =SUM((F56*0.0083)+G56+H56+I56+L56+M56+(N56*0.2))-((J56*0.25)+(K56*0.5))-(O56*0.25) -> 3.2825 | AH56: Ron Tite | AI56: Sean Pickles | AJ56: Eleni Mastoras | AK56: Kevin Pickles | AL56: Tom Mullrooney | AM56: Bonnie Mullrooney | AN56: Michael Formusa | AO56: Dante Di Iulio | AP56: Davide Di Iulio | AQ56: Bob Reynolds | AR56: Mark Mullrooney | AS56: Paddy McConvey | AT56: Vishen Maharaj | AU56: Naveen Maharaj | AV56: Ivan Cajic | AW56: Ron Tite | AX56: Julian Santia | AY56: Daniel Swift | AZ56: Bryan Woodman | BA56: Victoria Pickles | BB56: James Paltser | BC56: Ajay Maharaj | BD56: Kathleen Mullrooney | BE56: Nicolas Santia | BF56: Brian Ihnacak | BG56: Brian Jefferson | BH56: Steve Mastoras | BI56: Mike Taylor | BJ56: Louise Pickles | BK56: Andrew MacDonald | BL56: James Asaad | BM56: Rod Akins | BN56: Maureen Mullrooney | BO56: Connor Lee | BP56: Bill Parkinson | BQ56: Brent Siemens | BR56: Steve Hamel | BS56: Suraj Sukumar
C57: William Saliba | D57: =IFERROR(VLOOKUP($C57,'World Cup Players'!B:X,3,FALSE),0) -> fr France | F57: =IFERROR(VLOOKUP($C57,'World Cup Players'!B:X,9,FALSE),0) -> 479 | G57: =IFERROR(VLOOKUP($C57,'World Cup Players'!B:X,11,FALSE),0) -> 0 | H57: =IFERROR(VLOOKUP($C57,'World Cup Players'!B:X,12,FALSE),0) -> 0 | I57: =IFERROR(VLOOKUP($C57,'GAME WINNING GOALS'!A:B,2,FALSE),0) -> 0 | J57: =IFERROR(VLOOKUP($C57,'World Cup Players'!B:X,17,FALSE),0) -> 0 | K57: =IFERROR(VLOOKUP($C57,'World Cup Players'!B:X,18,FALSE),0) -> 0 | L57: =IFERROR(VLOOKUP($C57,'World Cup GK'!B:AE,16,FALSE),0) -> 0 | M57: =IFERROR(VLOOKUP($C57,'World Cup GK'!B:AE,19,FALSE),0) -> 0 | N57: =IFERROR(VLOOKUP($C57,'World Cup GK'!B:AE,14,FALSE),0) -> 0 | O57: =IFERROR(VLOOKUP($C57,'World Cup GK'!B:AE,11,FALSE),0) -> 0 | P57: =SUM((F57*0.0083)+G57+H57+I57+L57+M57+(N57*0.2))-((J57*0.25)+(K57*0.5))-(O57*0.25) -> 3.9757
C58: Gabriel Magalhães | D58: =IFERROR(VLOOKUP($C58,'World Cup Players'!B:X,3,FALSE),0) -> br Brazil | F58: =IFERROR(VLOOKUP($C58,'World Cup Players'!B:X,9,FALSE),0) -> 450 | G58: =IFERROR(VLOOKUP($C58,'World Cup Players'!B:X,11,FALSE),0) -> 0 | H58: =IFERROR(VLOOKUP($C58,'World Cup Players'!B:X,12,FALSE),0) -> 1 | I58: =IFERROR(VLOOKUP($C58,'GAME WINNING GOALS'!A:B,2,FALSE),0) -> 0 | J58: =IFERROR(VLOOKUP($C58,'World Cup Players'!B:X,17,FALSE),0) -> 0 | K58: =IFERROR(VLOOKUP($C58,'World Cup Players'!B:X,18,FALSE),0) -> 0 | L58: =IFERROR(VLOOKUP($C58,'World Cup GK'!B:AE,16,FALSE),0) -> 0 | M58: =IFERROR(VLOOKUP($C58,'World Cup GK'!B:AE,19,FALSE),0) -> 0 | N58: =IFERROR(VLOOKUP($C58,'World Cup GK'!B:AE,14,FALSE),0) -> 0 | O58: =IFERROR(VLOOKUP($C58,'World Cup GK'!B:AE,11,FALSE),0) -> 0 | P58: =SUM((F58*0.0083)+G58+H58+I58+L58+M58+(N58*0.2))-((J58*0.25)+(K58*0.5))-(O58*0.25) -> 4.735
C59: Mike Maignan | D59: =IFERROR(VLOOKUP($C59,'World Cup Players'!B:X,3,FALSE),0) -> fr France | F59: =IFERROR(VLOOKUP($C59,'World Cup Players'!B:X,9,FALSE),0) -> 630 | G59: =IFERROR(VLOOKUP($C59,'World Cup Players'!B:X,11,FALSE),0) -> 0 | H59: =IFERROR(VLOOKUP($C59,'World Cup Players'!B:X,12,FALSE),0) -> 0 | I59: =IFERROR(VLOOKUP($C59,'GAME WINNING GOALS'!A:B,2,FALSE),0) -> 0 | J59: =IFERROR(VLOOKUP($C59,'World Cup Players'!B:X,17,FALSE),0) -> 0 | K59: =IFERROR(VLOOKUP($C59,'World Cup Players'!B:X,18,FALSE),0) -> 0 | L59: =IFERROR(VLOOKUP($C59,'World Cup GK'!B:AE,16,FALSE),0) -> 6 | M59: =IFERROR(VLOOKUP($C59,'World Cup GK'!B:AE,19,FALSE),0) -> 4 | N59: =IFERROR(VLOOKUP($C59,'World Cup GK'!B:AE,14,FALSE),0) -> 8 | O59: =IFERROR(VLOOKUP($C59,'World Cup GK'!B:AE,11,FALSE),0) -> 4 | P59: =SUM((F59*0.0083)+G59+H59+I59+L59+M59+(N59*0.2))-((J59*0.25)+(K59*0.5))-(O59*0.25) -> 15.829 | T59: Winner | U59: Runner Up | V59: Third | W59: =F4 -> Minutes Played | X59: =G4 -> Goals | Y59: =H4 -> Assist | Z59: =I4 -> Game Winning Goals | AA59: =J4 -> Yellow Cards | AB59: =K4 -> Red Cards | AC59: =L4 -> Wins | AD59: =M4 -> Clean sheet | ... AG59: =P4 -> Total Points
C60: Manuel Neuer | D60: =IFERROR(VLOOKUP($C60,'World Cup Players'!B:X,3,FALSE),0) -> de Germany | F60: =IFERROR(VLOOKUP($C60,'World Cup Players'!B:X,9,FALSE),0) -> 390 | G60: =IFERROR(VLOOKUP($C60,'World Cup Players'!B:X,11,FALSE),0) -> 0 | H60: =IFERROR(VLOOKUP($C60,'World Cup Players'!B:X,12,FALSE),0) -> 0 | I60: =IFERROR(VLOOKUP($C60,'GAME WINNING GOALS'!A:B,2,FALSE),0) -> 0 | J60: =IFERROR(VLOOKUP($C60,'World Cup Players'!B:X,17,FALSE),0) -> 0 | K60: =IFERROR(VLOOKUP($C60,'World Cup Players'!B:X,18,FALSE),0) -> 0 | L60: =IFERROR(VLOOKUP($C60,'World Cup GK'!B:AE,16,FALSE),0) -> 2 | M60: =IFERROR(VLOOKUP($C60,'World Cup GK'!B:AE,19,FALSE),0) -> 0 | N60: =IFERROR(VLOOKUP($C60,'World Cup GK'!B:AE,14,FALSE),0) -> 5 | O60: =IFERROR(VLOOKUP($C60,'World Cup GK'!B:AE,11,FALSE),0) -> 5 | P60: =SUM((F60*0.0083)+G60+H60+I60+L60+M60+(N60*0.2))-((J60*0.25)+(K60*0.5))-(O60*0.25) -> 4.987 | S60: =B5 -> Sean Pickles | T60: ENGLAND | U60: SPAIN | V60: BRAZIL | W60: =F5 -> 11723 | X60: =G5 -> 42 | Y60: =H5 -> 22 | Z60: =I5 -> 16 | AA60: =J5 -> 7 | AB60: =K5 -> 0 | AC60: =L5 -> 20 | AD60: =M5 -> 12 | ... AG60: =P5 -> 212.3509
C61: Gregor Kobel | D61: =IFERROR(VLOOKUP($C61,'World Cup Players'!B:X,3,FALSE),0) -> ch Switzerland | F61: =IFERROR(VLOOKUP($C61,'World Cup Players'!B:X,9,FALSE),0) -> 600 | G61: =IFERROR(VLOOKUP($C61,'World Cup Players'!B:X,11,FALSE),0) -> 0 | H61: =IFERROR(VLOOKUP($C61,'World Cup Players'!B:X,12,FALSE),0) -> 0 | I61: =IFERROR(VLOOKUP($C61,'GAME WINNING GOALS'!A:B,2,FALSE),0) -> 0 | J61: =IFERROR(VLOOKUP($C61,'World Cup Players'!B:X,17,FALSE),0) -> 0 | K61: =IFERROR(VLOOKUP($C61,'World Cup Players'!B:X,18,FALSE),0) -> 0 | L61: =IFERROR(VLOOKUP($C61,'World Cup GK'!B:AE,16,FALSE),0) -> 3 | M61: =IFERROR(VLOOKUP($C61,'World Cup GK'!B:AE,19,FALSE),0) -> 2 | N61: =IFERROR(VLOOKUP($C61,'World Cup GK'!B:AE,14,FALSE),0) -> 20 | O61: =IFERROR(VLOOKUP($C61,'World Cup GK'!B:AE,11,FALSE),0) -> 6 | P61: =SUM((F61*0.0083)+G61+H61+I61+L61+M61+(N61*0.2))-((J61*0.25)+(K61*0.5))-(O61*0.25) -> 12.48 | R61: x | S61: =B36 -> Eleni Mastoras | T61: FRANCE | U61: SPAIN | V61: GERMANY | W61: =F36 -> 11165 | X61: =G36 -> 26 | Y61: =H36 -> 21 | Z61: =I36 -> 11 | AA61: =J36 -> 10 | AB61: =K36 -> 1 | AC61: =L36 -> 13 | AD61: =M36 -> 6 | ... AG61: =P36 -> 168.7195
C62: Kristoffer Nordfeldt | D62: =IFERROR(VLOOKUP($C62,'World Cup Players'!B:X,3,FALSE),0) -> se Sweden | F62: =IFERROR(VLOOKUP($C62,'World Cup Players'!B:X,9,FALSE),0) -> 180 | G62: =IFERROR(VLOOKUP($C62,'World Cup Players'!B:X,11,FALSE),0) -> 0 | H62: =IFERROR(VLOOKUP($C62,'World Cup Players'!B:X,12,FALSE),0) -> 0 | I62: =IFERROR(VLOOKUP($C62,'GAME WINNING GOALS'!A:B,2,FALSE),0) -> 0 | J62: =IFERROR(VLOOKUP($C62,'World Cup Players'!B:X,17,FALSE),0) -> 0 | K62: =IFERROR(VLOOKUP($C62,'World Cup Players'!B:X,18,FALSE),0) -> 0 | L62: =IFERROR(VLOOKUP($C62,'World Cup GK'!B:AE,16,FALSE),0) -> 1 | M62: =IFERROR(VLOOKUP($C62,'World Cup GK'!B:AE,19,FALSE),0) -> 0 | N62: =IFERROR(VLOOKUP($C62,'World Cup GK'!B:AE,14,FALSE),0) -> 3 | O62: =IFERROR(VLOOKUP($C62,'World Cup GK'!B:AE,11,FALSE),0) -> 6 | P62: =SUM((F62*0.0083)+G62+H62+I62+L62+M62+(N62*0.2))-((J62*0.25)+(K62*0.5))-(O62*0.25) -> 1.594 | R62: x | S62: =B67 -> Kevin Pickles | T62: SPAIN | U62: FRANCE | V62: ENGLAND | W62: =F67 -> 11230 | X62: =G67 -> 27 | Y62: =H67 -> 22 | Z62: =I67 -> 13 | AA62: =J67 -> 10 | AB62: =K67 -> 0 | AC62: =L67 -> 20 | AD62: =M67 -> 10 | ... AG62: =P67 -> 187.659
C63: Luca Zidane | D63: =IFERROR(VLOOKUP($C63,'World Cup Players'!B:X,3,FALSE),0) -> dz Algeria | F63: =IFERROR(VLOOKUP($C63,'World Cup Players'!B:X,9,FALSE),0) -> 270 | G63: =IFERROR(VLOOKUP($C63,'World Cup Players'!B:X,11,FALSE),0) -> 0 | H63: =IFERROR(VLOOKUP($C63,'World Cup Players'!B:X,12,FALSE),0) -> 0 | I63: =IFERROR(VLOOKUP($C63,'GAME WINNING GOALS'!A:B,2,FALSE),0) -> 0 | J63: =IFERROR(VLOOKUP($C63,'World Cup Players'!B:X,17,FALSE),0) -> 0 | K63: =IFERROR(VLOOKUP($C63,'World Cup Players'!B:X,18,FALSE),0) -> 0 | L63: =IFERROR(VLOOKUP($C63,'World Cup GK'!B:AE,16,FALSE),0) -> 1 | M63: =IFERROR(VLOOKUP($C63,'World Cup GK'!B:AE,19,FALSE),0) -> 0 | N63: =IFERROR(VLOOKUP($C63,'World Cup GK'!B:AE,14,FALSE),0) -> 8 | O63: =IFERROR(VLOOKUP($C63,'World Cup GK'!B:AE,11,FALSE),0) -> 6 | P63: =SUM((F63*0.0083)+G63+H63+I63+L63+M63+(N63*0.2))-((J63*0.25)+(K63*0.5))-(O63*0.25) -> 3.341 | R63: x | S63: =B98 -> Tom Mullrooney | T63: SPAIN | U63: FRANCE | V63: BRAZIL | W63: =F98 -> 10171 | X63: =G98 -> 26 | Y63: =H98 -> 23 | Z63: =I98 -> 11 | AA63: =J98 -> 7 | AB63: =K98 -> 0 | AC63: =L98 -> 16 | AD63: =M98 -> 12 | ... AG63: =P98 -> 173.0693
C64: France | D64: =IFERROR(VLOOKUP($C64,'World Cup Players'!B:X,3,FALSE),0) -> 0 | F64: =IFERROR(VLOOKUP($C64,'World Cup Players'!B:X,9,FALSE),0) -> 0 | G64: =IFERROR(VLOOKUP($C64,'World Cup Players'!B:X,11,FALSE),0) -> 0 | H64: =IFERROR(VLOOKUP($C64,'World Cup Players'!B:X,12,FALSE),0) -> 0 | I64: =IFERROR(VLOOKUP($C64,'GAME WINNING GOALS'!A:B,2,FALSE),0) -> 1 | J64: =IFERROR(VLOOKUP($C64,'World Cup Players'!B:X,17,FALSE),0) -> 0 | K64: =IFERROR(VLOOKUP($C64,'World Cup Players'!B:X,18,FALSE),0) -> 0 | L64: =IFERROR(VLOOKUP($C64,'World Cup GK'!B:AE,16,FALSE),0) -> 0 | M64: =IFERROR(VLOOKUP($C64,'World Cup GK'!B:AE,19,FALSE),0) -> 0 | N64: =IFERROR(VLOOKUP($C64,'World Cup GK'!B:AE,14,FALSE),0) -> 0 | O64: =IFERROR(VLOOKUP($C64,'World Cup GK'!B:AE,11,FALSE),0) -> 0 | P64: =SUM((F64*0.0083)+G64+H64+I64+L64+M64+(N64*0.2))-((J64*0.25)+(K64*0.5))-(O64*0.25) -> 1 | R64: x | S64: =B129 -> Bonnie Mullrooney | T64: ARGENTINA | U64: ENGLAND | V64: GERMANY | W64: =F129 -> 9920 | X64: =G129 -> 29 | Y64: =H129 -> 22 | Z64: =I129 -> 14 | AA64: =J129 -> 5 | AB64: =K129 -> 0 | AC64: =L129 -> 11 | AD64: =M129 -> 7 | ... AG64: =P129 -> 171.036
C65: Spain | D65: =IFERROR(VLOOKUP($C65,'World Cup Players'!B:X,3,FALSE),0) -> 0 | F65: =IFERROR(VLOOKUP($C65,'World Cup Players'!B:X,9,FALSE),0) -> 0 | G65: =IFERROR(VLOOKUP($C65,'World Cup Players'!B:X,11,FALSE),0) -> 0 | H65: 2 | I65: =IFERROR(VLOOKUP($C65,'GAME WINNING GOALS'!A:B,2,FALSE),0) -> 1 | J65: =IFERROR(VLOOKUP($C65,'World Cup Players'!B:X,17,FALSE),0) -> 0 | K65: =IFERROR(VLOOKUP($C65,'World Cup Players'!B:X,18,FALSE),0) -> 0 | L65: =IFERROR(VLOOKUP($C65,'World Cup GK'!B:AE,16,FALSE),0) -> 0 | M65: =IFERROR(VLOOKUP($C65,'World Cup GK'!B:AE,19,FALSE),0) -> 0 | N65: =IFERROR(VLOOKUP($C65,'World Cup GK'!B:AE,14,FALSE),0) -> 0 | O65: =IFERROR(VLOOKUP($C65,'World Cup GK'!B:AE,11,FALSE),0) -> 0 | P65: =SUM((F65*0.0083)+G65+H65+I65+L65+M65+(N65*0.2))-((J65*0.25)+(K65*0.5))-(O65*0.25) -> 3 | R65: x | S65: =B160 -> Michael Formusa | T65: FRANCE | U65: BRAZIL | V65: SENEGAL | W65: =F160 -> 10684 | X65: =G160 -> 30 | Y65: =H160 -> 17 | Z65: =I160 -> 13 | AA65: =J160 -> 5 | AB65: =K160 -> 0 | AC65: =L160 -> 14 | AD65: =M160 -> 6 | ... AG65: =P160 -> 171.2772
C66: Germany | D66: =IFERROR(VLOOKUP($C66,'World Cup Players'!B:X,3,FALSE),0) -> 0 | F66: =IFERROR(VLOOKUP($C66,'World Cup Players'!B:X,9,FALSE),0) -> 0 | G66: =IFERROR(VLOOKUP($C66,'World Cup Players'!B:X,11,FALSE),0) -> 0 | H66: =IFERROR(VLOOKUP($C66,'World Cup Players'!B:X,12,FALSE),0) -> 0 | I66: =IFERROR(VLOOKUP($C66,'GAME WINNING GOALS'!A:B,2,FALSE),0) -> 0 | J66: =IFERROR(VLOOKUP($C66,'World Cup Players'!B:X,17,FALSE),0) -> 0 | K66: =IFERROR(VLOOKUP($C66,'World Cup Players'!B:X,18,FALSE),0) -> 0 | L66: =IFERROR(VLOOKUP($C66,'World Cup GK'!B:AE,16,FALSE),0) -> 0 | M66: =IFERROR(VLOOKUP($C66,'World Cup GK'!B:AE,19,FALSE),0) -> 0 | N66: =IFERROR(VLOOKUP($C66,'World Cup GK'!B:AE,14,FALSE),0) -> 0 | O66: =IFERROR(VLOOKUP($C66,'World Cup GK'!B:AE,11,FALSE),0) -> 0 | P66: =SUM((F66*0.0083)+G66+H66+I66+L66+M66+(N66*0.2))-((J66*0.25)+(K66*0.5))-(O66*0.25) -> 0 | R66: x | S66: =B191 -> Elyse Lalonde | T66: SPAIN | U66: FRANCE | V66: ENGLAND | W66: =F191 -> 10111 | X66: =G191 -> 35 | Y66: =H191 -> 22 | Z66: =I191 -> 20 | AA66: =J191 -> 4 | AB66: =K191 -> 1 | AC66: =L191 -> 15 | AD66: =M191 -> 7 | ... AG66: =P191 -> 184.6213
B67: Kevin Pickles | D67: =SUM(D68:D97) -> 0 | E67: =SUM(E68:E97) -> 0 | F67: =SUM(F68:F97) -> 11230 | G67: =SUM(G68:G97) -> 27 | H67: =SUM(H68:H97) -> 22 | I67: =SUM(I68:I97) -> 13 | J67: =SUM(J68:J97) -> 10 | K67: =SUM(K68:K97) -> 0 | ... O67: =SUM(O68:O97) -> 29 | P67: =SUM((F67*0.0083)+G67+H67+I67+L67+M67+(N67*0.2))-((J67*0.25)+(K67*0.5))-(O67*0.25) -> 187.659 | R67: x | S67: =B222 -> Suraj Sukumar | T67: FRANCE | U67: SPAIN | V67: ENGLAND | W67: =F222 -> 10479 | X67: =G222 -> 39 | Y67: =H222 -> 26 | Z67: =I222 -> 19 | AA67: =J222 -> 5 | AB67: =K222 -> 0 | AC67: =L222 -> 16 | AD67: =M222 -> 9 | ... AG67: =P222 -> 201.7257
C68: Kylian Mbappé | D68: =IFERROR(VLOOKUP($C68,'World Cup Players'!B:X,3,FALSE),0) -> fr France | F68: =IFERROR(VLOOKUP($C68,'World Cup Players'!B:X,9,FALSE),0) -> 605 | G68: =IFERROR(VLOOKUP($C68,'World Cup Players'!B:X,11,FALSE),0) -> 8 | H68: =IFERROR(VLOOKUP($C68,'World Cup Players'!B:X,12,FALSE),0) -> 3 | I68: =IFERROR(VLOOKUP($C68,'GAME WINNING GOALS'!A:B,2,FALSE),0) -> 4 | J68: =IFERROR(VLOOKUP($C68,'World Cup Players'!B:X,17,FALSE),0) -> 1 | K68: =IFERROR(VLOOKUP($C68,'World Cup Players'!B:X,18,FALSE),0) -> 0 | L68: =IFERROR(VLOOKUP($C68,'World Cup GK'!B:AE,16,FALSE),0) -> 0 | M68: =IFERROR(VLOOKUP($C68,'World Cup GK'!B:AE,19,FALSE),0) -> 0 | N68: =IFERROR(VLOOKUP($C68,'World Cup GK'!B:AE,14,FALSE),0) -> 0 | O68: =IFERROR(VLOOKUP($C68,'World Cup GK'!B:AE,11,FALSE),0) -> 0 | P68: =SUM((F68*0.0083)+G68+H68+I68+L68+M68+(N68*0.2))-((J68*0.25)+(K68*0.5))-(O68*0.25) -> 19.7715 | S68: =B253 -> Bob Reynolds | T68: FRANCE | U68: ENGLAND | V68: SPAIN | W68: =F253 -> 12256 | X68: =G253 -> 41 | Y68: =H253 -> 22 | Z68: =I253 -> 20 | AA68: =J253 -> 7 | AB68: =K253 -> 0 | AC68: =L253 -> 19 | AD68: =M253 -> 8 | ... AG68: =P253 -> 214.2248
C69: Harry Kane | D69: =IFERROR(VLOOKUP($C69,'World Cup Players'!B:X,3,FALSE),0) -> eng England | F69: =IFERROR(VLOOKUP($C69,'World Cup Players'!B:X,9,FALSE),0) -> 652 | G69: =IFERROR(VLOOKUP($C69,'World Cup Players'!B:X,11,FALSE),0) -> 6 | H69: =IFERROR(VLOOKUP($C69,'World Cup Players'!B:X,12,FALSE),0) -> 1 | I69: =IFERROR(VLOOKUP($C69,'GAME WINNING GOALS'!A:B,2,FALSE),0) -> 2 | J69: =IFERROR(VLOOKUP($C69,'World Cup Players'!B:X,17,FALSE),0) -> 0 | K69: =IFERROR(VLOOKUP($C69,'World Cup Players'!B:X,18,FALSE),0) -> 0 | L69: =IFERROR(VLOOKUP($C69,'World Cup GK'!B:AE,16,FALSE),0) -> 0 | M69: =IFERROR(VLOOKUP($C69,'World Cup GK'!B:AE,19,FALSE),0) -> 0 | N69: =IFERROR(VLOOKUP($C69,'World Cup GK'!B:AE,14,FALSE),0) -> 0 | O69: =IFERROR(VLOOKUP($C69,'World Cup GK'!B:AE,11,FALSE),0) -> 0 | P69: =SUM((F69*0.0083)+G69+H69+I69+L69+M69+(N69*0.2))-((J69*0.25)+(K69*0.5))-(O69*0.25) -> 14.4116 | R69: x | S69: =B284 -> Mark Mullrooney | T69: ENGLAND | U69: SPAIN | V69: FRANCE | W69: =F284 -> 11092 | X69: =G284 -> 24 | Y69: =H284 -> 25 | Z69: =I284 -> 12 | AA69: =J284 -> 5 | AB69: =K284 -> 0 | AC69: =L284 -> 17 | AD69: =M284 -> 10 | ... AG69: =P284 -> 181.7636
C70: Florian Wirtz | D70: =IFERROR(VLOOKUP($C70,'World Cup Players'!B:X,3,FALSE),0) -> de Germany | F70: =IFERROR(VLOOKUP($C70,'World Cup Players'!B:X,9,FALSE),0) -> 361 | G70: =IFERROR(VLOOKUP($C70,'World Cup Players'!B:X,11,FALSE),0) -> 0 | H70: =IFERROR(VLOOKUP($C70,'World Cup Players'!B:X,12,FALSE),0) -> 3 | I70: =IFERROR(VLOOKUP($C70,'GAME WINNING GOALS'!A:B,2,FALSE),0) -> 0 | J70: =IFERROR(VLOOKUP($C70,'World Cup Players'!B:X,17,FALSE),0) -> 0 | K70: =IFERROR(VLOOKUP($C70,'World Cup Players'!B:X,18,FALSE),0) -> 0 | L70: =IFERROR(VLOOKUP($C70,'World Cup GK'!B:AE,16,FALSE),0) -> 0 | M70: =IFERROR(VLOOKUP($C70,'World Cup GK'!B:AE,19,FALSE),0) -> 0 | N70: =IFERROR(VLOOKUP($C70,'World Cup GK'!B:AE,14,FALSE),0) -> 0 | O70: =IFERROR(VLOOKUP($C70,'World Cup GK'!B:AE,11,FALSE),0) -> 0 | P70: =SUM((F70*0.0083)+G70+H70+I70+L70+M70+(N70*0.2))-((J70*0.25)+(K70*0.5))-(O70*0.25) -> 5.9963 | R70: x | S70: =B315 -> Paddy McConvey | T70: ENGLAND | U70: SPAIN | V70: BRAZIL | W70: =F315 -> 10346 | X70: =G315 -> 34 | Y70: =H315 -> 22 | Z70: =I315 -> 12 | AA70: =J315 -> 4 | AB70: =K315 -> 0 | AC70: =L315 -> 13 | AD70: =M315 -> 9 | ... AG70: =P315 -> 178.3718
C71: Ousmane Dembélé | D71: =IFERROR(VLOOKUP($C71,'World Cup Players'!B:X,3,FALSE),0) -> fr France | F71: =IFERROR(VLOOKUP($C71,'World Cup Players'!B:X,9,FALSE),0) -> 547 | G71: =IFERROR(VLOOKUP($C71,'World Cup Players'!B:X,11,FALSE),0) -> 5 | H71: =IFERROR(VLOOKUP($C71,'World Cup Players'!B:X,12,FALSE),0) -> 2 | I71: =IFERROR(VLOOKUP($C71,'GAME WINNING GOALS'!A:B,2,FALSE),0) -> 1 | J71: =IFERROR(VLOOKUP($C71,'World Cup Players'!B:X,17,FALSE),0) -> 0 | K71: =IFERROR(VLOOKUP($C71,'World Cup Players'!B:X,18,FALSE),0) -> 0 | L71: =IFERROR(VLOOKUP($C71,'World Cup GK'!B:AE,16,FALSE),0) -> 0 | M71: =IFERROR(VLOOKUP($C71,'World Cup GK'!B:AE,19,FALSE),0) -> 0 | N71: =IFERROR(VLOOKUP($C71,'World Cup GK'!B:AE,14,FALSE),0) -> 0 | O71: =IFERROR(VLOOKUP($C71,'World Cup GK'!B:AE,11,FALSE),0) -> 0 | P71: =SUM((F71*0.0083)+G71+H71+I71+L71+M71+(N71*0.2))-((J71*0.25)+(K71*0.5))-(O71*0.25) -> 12.5401 | R71: x | S71: =B346 -> Vishen Maharaj | T71: ENGLAND | U71: FRANCE | V71: BRAZIL | W71: =F346 -> 10799 | X71: =G346 -> 34 | Y71: =H346 -> 28 | Z71: =I346 -> 17 | AA71: =J346 -> 4 | AB71: =K346 -> 0 | AC71: =L346 -> 14 | AD71: =M346 -> 9 | ... AG71: =P346 -> 194.6317
C72: Bukayo Saka | D72: =IFERROR(VLOOKUP($C72,'World Cup Players'!B:X,3,FALSE),0) -> eng England | F72: =IFERROR(VLOOKUP($C72,'World Cup Players'!B:X,9,FALSE),0) -> 268 | G72: =IFERROR(VLOOKUP($C72,'World Cup Players'!B:X,11,FALSE),0) -> 0 | H72: =IFERROR(VLOOKUP($C72,'World Cup Players'!B:X,12,FALSE),0) -> 3 | I72: =IFERROR(VLOOKUP($C72,'GAME WINNING GOALS'!A:B,2,FALSE),0) -> 0 | J72: =IFERROR(VLOOKUP($C72,'World Cup Players'!B:X,17,FALSE),0) -> 0 | K72: =IFERROR(VLOOKUP($C72,'World Cup Players'!B:X,18,FALSE),0) -> 0 | L72: =IFERROR(VLOOKUP($C72,'World Cup GK'!B:AE,16,FALSE),0) -> 0 | M72: =IFERROR(VLOOKUP($C72,'World Cup GK'!B:AE,19,FALSE),0) -> 0 | N72: =IFERROR(VLOOKUP($C72,'World Cup GK'!B:AE,14,FALSE),0) -> 0 | O72: =IFERROR(VLOOKUP($C72,'World Cup GK'!B:AE,11,FALSE),0) -> 0 | P72: =SUM((F72*0.0083)+G72+H72+I72+L72+M72+(N72*0.2))-((J72*0.25)+(K72*0.5))-(O72*0.25) -> 5.2244 | S72: =B377 -> Naveen Maharaj | T72: FRANCE | U72: PORTUGAL | V72: SPAIN | W72: =F377 -> 10308 | X72: =G377 -> 26 | Y72: =H377 -> 25 | Z72: =I377 -> 11 | AA72: =J377 -> 6 | AB72: =K377 -> 1 | AC72: =L377 -> 14 | AD72: =M377 -> 11 | ... AG72: =P377 -> 178.7064
C73: Rodri | D73: =IFERROR(VLOOKUP($C73,'World Cup Players'!B:X,3,FALSE),0) -> es Spain | F73: =IFERROR(VLOOKUP($C73,'World Cup Players'!B:X,9,FALSE),0) -> 626 | G73: =IFERROR(VLOOKUP($C73,'World Cup Players'!B:X,11,FALSE),0) -> 0 | H73: =IFERROR(VLOOKUP($C73,'World Cup Players'!B:X,12,FALSE),0) -> 0 | I73: =IFERROR(VLOOKUP($C73,'GAME WINNING GOALS'!A:B,2,FALSE),0) -> 0 | J73: =IFERROR(VLOOKUP($C73,'World Cup Players'!B:X,17,FALSE),0) -> 0 | K73: =IFERROR(VLOOKUP($C73,'World Cup Players'!B:X,18,FALSE),0) -> 0 | L73: =IFERROR(VLOOKUP($C73,'World Cup GK'!B:AE,16,FALSE),0) -> 0 | M73: =IFERROR(VLOOKUP($C73,'World Cup GK'!B:AE,19,FALSE),0) -> 0 | N73: =IFERROR(VLOOKUP($C73,'World Cup GK'!B:AE,14,FALSE),0) -> 0 | O73: =IFERROR(VLOOKUP($C73,'World Cup GK'!B:AE,11,FALSE),0) -> 0 | P73: =SUM((F73*0.0083)+G73+H73+I73+L73+M73+(N73*0.2))-((J73*0.25)+(K73*0.5))-(O73*0.25) -> 5.1958 | S73: =B408 -> Ivan Cajic | T73: SPAIN | U73: FRANCE | V73: BRAZIL | W73: =F408 -> 10551 | X73: =G408 -> 22 | Y73: =H408 -> 26 | Z73: =I408 -> 13 | AA73: =J408 -> 6 | AB73: =K408 -> 0 | AC73: =L408 -> 15 | AD73: =M408 -> 9 | ... AG73: =P408 -> 176.3733
C74: Bruno Fernandes | D74: =IFERROR(VLOOKUP($C74,'World Cup Players'!B:X,3,FALSE),0) -> pt Portugal | F74: =IFERROR(VLOOKUP($C74,'World Cup Players'!B:X,9,FALSE),0) -> 422 | G74: =IFERROR(VLOOKUP($C74,'World Cup Players'!B:X,11,FALSE),0) -> 0 | H74: =IFERROR(VLOOKUP($C74,'World Cup Players'!B:X,12,FALSE),0) -> 1 | I74: =IFERROR(VLOOKUP($C74,'GAME WINNING GOALS'!A:B,2,FALSE),0) -> 0 | J74: =IFERROR(VLOOKUP($C74,'World Cup Players'!B:X,17,FALSE),0) -> 0 | K74: =IFERROR(VLOOKUP($C74,'World Cup Players'!B:X,18,FALSE),0) -> 0 | L74: =IFERROR(VLOOKUP($C74,'World Cup GK'!B:AE,16,FALSE),0) -> 0 | M74: =IFERROR(VLOOKUP($C74,'World Cup GK'!B:AE,19,FALSE),0) -> 0 | N74: =IFERROR(VLOOKUP($C74,'World Cup GK'!B:AE,14,FALSE),0) -> 0 | O74: =IFERROR(VLOOKUP($C74,'World Cup GK'!B:AE,11,FALSE),0) -> 0 | P74: =SUM((F74*0.0083)+G74+H74+I74+L74+M74+(N74*0.2))-((J74*0.25)+(K74*0.5))-(O74*0.25) -> 4.5026 | S74: =B439 -> Louise Kanopoulos | T74: CROATIA | U74: PORTUGAL | V74: ARGENTINA | W74: =F439 -> 10205 | X74: =G439 -> 19 | Y74: =H439 -> 19 | Z74: =I439 -> 5 | AA74: =J439 -> 8 | AB74: =K439 -> 0 | AC74: =L439 -> 16 | AD74: =M439 -> 9 | ... AG74: =P439 -> 156.2515
C75: Alexis Mac Allister | D75: =IFERROR(VLOOKUP($C75,'World Cup Players'!B:X,3,FALSE),0) -> ar Argentina | F75: =IFERROR(VLOOKUP($C75,'World Cup Players'!B:X,9,FALSE),0) -> 630 | G75: =IFERROR(VLOOKUP($C75,'World Cup Players'!B:X,11,FALSE),0) -> 1 | H75: =IFERROR(VLOOKUP($C75,'World Cup Players'!B:X,12,FALSE),0) -> 1 | I75: =IFERROR(VLOOKUP($C75,'GAME WINNING GOALS'!A:B,2,FALSE),0) -> 0 | J75: =IFERROR(VLOOKUP($C75,'World Cup Players'!B:X,17,FALSE),0) -> 0 | K75: =IFERROR(VLOOKUP($C75,'World Cup Players'!B:X,18,FALSE),0) -> 0 | L75: =IFERROR(VLOOKUP($C75,'World Cup GK'!B:AE,16,FALSE),0) -> 0 | M75: =IFERROR(VLOOKUP($C75,'World Cup GK'!B:AE,19,FALSE),0) -> 0 | N75: =IFERROR(VLOOKUP($C75,'World Cup GK'!B:AE,14,FALSE),0) -> 0 | O75: =IFERROR(VLOOKUP($C75,'World Cup GK'!B:AE,11,FALSE),0) -> 0 | P75: =SUM((F75*0.0083)+G75+H75+I75+L75+M75+(N75*0.2))-((J75*0.25)+(K75*0.5))-(O75*0.25) -> 7.229 | S75: =B470 -> Julian Santia | T75: PORTUGAL | U75: NETHERLANDS | V75: ENGLAND | W75: =F470 -> 9669 | X75: =G470 -> 31 | Y75: =H470 -> 13 | Z75: =I470 -> 13 | AA75: =J470 -> 4 | AB75: =K470 -> 0 | AC75: =L470 -> 10 | AD75: =M470 -> 9 | ... AG75: =P470 -> 162.7527
C76: Casemiro | D76: =IFERROR(VLOOKUP($C76,'World Cup Players'!B:X,3,FALSE),0) -> br Brazil | F76: =IFERROR(VLOOKUP($C76,'World Cup Players'!B:X,9,FALSE),0) -> 379 | G76: =IFERROR(VLOOKUP($C76,'World Cup Players'!B:X,11,FALSE),0) -> 1 | H76: =IFERROR(VLOOKUP($C76,'World Cup Players'!B:X,12,FALSE),0) -> 0 | I76: =IFERROR(VLOOKUP($C76,'GAME WINNING GOALS'!A:B,2,FALSE),0) -> 0 | J76: =IFERROR(VLOOKUP($C76,'World Cup Players'!B:X,17,FALSE),0) -> 2 | K76: =IFERROR(VLOOKUP($C76,'World Cup Players'!B:X,18,FALSE),0) -> 0 | L76: =IFERROR(VLOOKUP($C76,'World Cup GK'!B:AE,16,FALSE),0) -> 0 | M76: =IFERROR(VLOOKUP($C76,'World Cup GK'!B:AE,19,FALSE),0) -> 0 | N76: =IFERROR(VLOOKUP($C76,'World Cup GK'!B:AE,14,FALSE),0) -> 0 | O76: =IFERROR(VLOOKUP($C76,'World Cup GK'!B:AE,11,FALSE),0) -> 0 | P76: =SUM((F76*0.0083)+G76+H76+I76+L76+M76+(N76*0.2))-((J76*0.25)+(K76*0.5))-(O76*0.25) -> 3.6457 | R76: x | S76: =B501 -> Sophie Pickles | T76: ENGLAND | U76: BRAZIL | V76: ARGENTINA | W76: =F501 -> 10708 | X76: =G501 -> 39 | Y76: =H501 -> 15 | Z76: =I501 -> 18 | AA76: =J501 -> 6 | AB76: =K501 -> 0 | AC76: =L501 -> 16 | AD76: =M501 -> 10 | ... AG76: =P501 -> 189.5264
C77: Jude Bellingham | D77: =IFERROR(VLOOKUP($C77,'World Cup Players'!B:X,3,FALSE),0) -> eng England | F77: =IFERROR(VLOOKUP($C77,'World Cup Players'!B:X,9,FALSE),0) -> 602 | G77: =IFERROR(VLOOKUP($C77,'World Cup Players'!B:X,11,FALSE),0) -> 6 | H77: =IFERROR(VLOOKUP($C77,'World Cup Players'!B:X,12,FALSE),0) -> 1 | I77: =IFERROR(VLOOKUP($C77,'GAME WINNING GOALS'!A:B,2,FALSE),0) -> 3 | J77: =IFERROR(VLOOKUP($C77,'World Cup Players'!B:X,17,FALSE),0) -> 1 | K77: =IFERROR(VLOOKUP($C77,'World Cup Players'!B:X,18,FALSE),0) -> 0 | L77: =IFERROR(VLOOKUP($C77,'World Cup GK'!B:AE,16,FALSE),0) -> 0 | M77: =IFERROR(VLOOKUP($C77,'World Cup GK'!B:AE,19,FALSE),0) -> 0 | N77: =IFERROR(VLOOKUP($C77,'World Cup GK'!B:AE,14,FALSE),0) -> 0 | O77: =IFERROR(VLOOKUP($C77,'World Cup GK'!B:AE,11,FALSE),0) -> 0 | P77: =SUM((F77*0.0083)+G77+H77+I77+L77+M77+(N77*0.2))-((J77*0.25)+(K77*0.5))-(O77*0.25) -> 14.7466 | R77: x | S77: =B532 -> Kevin Kernohan | T77: FRANCE | U77: PORTUGAL | V77: SPAIN | W77: =F532 -> 10524 | X77: =G532 -> 36 | Y77: =H532 -> 16 | Z77: =I532 -> 12 | AA77: =J532 -> 9 | AB77: =K532 -> 1 | AC77: =L532 -> 14 | AD77: =M532 -> 9 | ... AG77: =P532 -> 175.7492
C78: Declan Rice | D78: =IFERROR(VLOOKUP($C78,'World Cup Players'!B:X,3,FALSE),0) -> eng England | F78: =IFERROR(VLOOKUP($C78,'World Cup Players'!B:X,9,FALSE),0) -> 467 | G78: =IFERROR(VLOOKUP($C78,'World Cup Players'!B:X,11,FALSE),0) -> 0 | H78: =IFERROR(VLOOKUP($C78,'World Cup Players'!B:X,12,FALSE),0) -> 1 | I78: =IFERROR(VLOOKUP($C78,'GAME WINNING GOALS'!A:B,2,FALSE),0) -> 0 | J78: =IFERROR(VLOOKUP($C78,'World Cup Players'!B:X,17,FALSE),0) -> 2 | K78: =IFERROR(VLOOKUP($C78,'World Cup Players'!B:X,18,FALSE),0) -> 0 | L78: =IFERROR(VLOOKUP($C78,'World Cup GK'!B:AE,16,FALSE),0) -> 0 | M78: =IFERROR(VLOOKUP($C78,'World Cup GK'!B:AE,19,FALSE),0) -> 0 | N78: =IFERROR(VLOOKUP($C78,'World Cup GK'!B:AE,14,FALSE),0) -> 0 | O78: =IFERROR(VLOOKUP($C78,'World Cup GK'!B:AE,11,FALSE),0) -> 0 | P78: =SUM((F78*0.0083)+G78+H78+I78+L78+M78+(N78*0.2))-((J78*0.25)+(K78*0.5))-(O78*0.25) -> 4.3761 | R78: x | S78: =B563 -> Victoria Pickles | T78: ENGLAND | U78: SPAIN | V78: BRAZIL | W78: =F563 -> 11048 | X78: =G563 -> 43 | Y78: =H563 -> 19 | Z78: =I563 -> 18 | AA78: =J563 -> 6 | AB78: =K563 -> 1 | AC78: =L563 -> 20 | AD78: =M563 -> 10 | ... AG78: =P563 -> 202.0984
C79: Nico Williams | D79: =IFERROR(VLOOKUP($C79,'World Cup Players'!B:X,3,FALSE),0) -> es Spain | F79: =IFERROR(VLOOKUP($C79,'World Cup Players'!B:X,9,FALSE),0) -> 67 | G79: =IFERROR(VLOOKUP($C79,'World Cup Players'!B:X,11,FALSE),0) -> 0 | H79: =IFERROR(VLOOKUP($C79,'World Cup Players'!B:X,12,FALSE),0) -> 0 | I79: =IFERROR(VLOOKUP($C79,'GAME WINNING GOALS'!A:B,2,FALSE),0) -> 0 | J79: =IFERROR(VLOOKUP($C79,'World Cup Players'!B:X,17,FALSE),0) -> 0 | K79: =IFERROR(VLOOKUP($C79,'World Cup Players'!B:X,18,FALSE),0) -> 0 | L79: =IFERROR(VLOOKUP($C79,'World Cup GK'!B:AE,16,FALSE),0) -> 0 | M79: =IFERROR(VLOOKUP($C79,'World Cup GK'!B:AE,19,FALSE),0) -> 0 | N79: =IFERROR(VLOOKUP($C79,'World Cup GK'!B:AE,14,FALSE),0) -> 0 | O79: =IFERROR(VLOOKUP($C79,'World Cup GK'!B:AE,11,FALSE),0) -> 0 | P79: =SUM((F79*0.0083)+G79+H79+I79+L79+M79+(N79*0.2))-((J79*0.25)+(K79*0.5))-(O79*0.25) -> 0.5561 | S79: =B594 -> Kathryn Schierling | T79: GERMANY | U79: ARGENTINA | V79: FRANCE | W79: =F594 -> 10206 | X79: =G594 -> 29 | Y79: =H594 -> 23 | Z79: =I594 -> 10 | AA79: =J594 -> 8 | AB79: =K594 -> 1 | AC79: =L594 -> 15 | AD79: =M594 -> 7 | ... AG79: =P594 -> 167.2098
C80: Luka Modrić | D80: =IFERROR(VLOOKUP($C80,'World Cup Players'!B:X,3,FALSE),0) -> hr Croatia | F80: =IFERROR(VLOOKUP($C80,'World Cup Players'!B:X,9,FALSE),0) -> 317 | G80: =IFERROR(VLOOKUP($C80,'World Cup Players'!B:X,11,FALSE),0) -> 0 | H80: =IFERROR(VLOOKUP($C80,'World Cup Players'!B:X,12,FALSE),0) -> 1 | I80: =IFERROR(VLOOKUP($C80,'GAME WINNING GOALS'!A:B,2,FALSE),0) -> 0 | J80: =IFERROR(VLOOKUP($C80,'World Cup Players'!B:X,17,FALSE),0) -> 1 | K80: =IFERROR(VLOOKUP($C80,'World Cup Players'!B:X,18,FALSE),0) -> 0 | L80: =IFERROR(VLOOKUP($C80,'World Cup GK'!B:AE,16,FALSE),0) -> 0 | M80: =IFERROR(VLOOKUP($C80,'World Cup GK'!B:AE,19,FALSE),0) -> 0 | N80: =IFERROR(VLOOKUP($C80,'World Cup GK'!B:AE,14,FALSE),0) -> 0 | O80: =IFERROR(VLOOKUP($C80,'World Cup GK'!B:AE,11,FALSE),0) -> 0 | P80: =SUM((F80*0.0083)+G80+H80+I80+L80+M80+(N80*0.2))-((J80*0.25)+(K80*0.5))-(O80*0.25) -> 3.3811 | R80: x | S80: =B625 -> Ajay Maharaj | T80: ENGLAND | U80: FRANCE | V80: SPAIN | W80: =F625 -> 11531 | X80: =G625 -> 28 | Y80: =H625 -> 28 | Z80: =I625 -> 13 | AA80: =J625 -> 7 | AB80: =K625 -> 0 | AC80: =L625 -> 16 | AD80: =M625 -> 9 | ... AG80: =P625 -> 193.2073
C81: Vitinha | D81: =IFERROR(VLOOKUP($C81,'World Cup Players'!B:X,3,FALSE),0) -> pt Portugal | F81: =IFERROR(VLOOKUP($C81,'World Cup Players'!B:X,9,FALSE),0) -> 376 | G81: =IFERROR(VLOOKUP($C81,'World Cup Players'!B:X,11,FALSE),0) -> 0 | H81: =IFERROR(VLOOKUP($C81,'World Cup Players'!B:X,12,FALSE),0) -> 0 | I81: =IFERROR(VLOOKUP($C81,'GAME WINNING GOALS'!A:B,2,FALSE),0) -> 0 | J81: =IFERROR(VLOOKUP($C81,'World Cup Players'!B:X,17,FALSE),0) -> 0 | K81: =IFERROR(VLOOKUP($C81,'World Cup Players'!B:X,18,FALSE),0) -> 0 | L81: =IFERROR(VLOOKUP($C81,'World Cup GK'!B:AE,16,FALSE),0) -> 0 | M81: =IFERROR(VLOOKUP($C81,'World Cup GK'!B:AE,19,FALSE),0) -> 0 | N81: =IFERROR(VLOOKUP($C81,'World Cup GK'!B:AE,14,FALSE),0) -> 0 | O81: =IFERROR(VLOOKUP($C81,'World Cup GK'!B:AE,11,FALSE),0) -> 0 | P81: =SUM((F81*0.0083)+G81+H81+I81+L81+M81+(N81*0.2))-((J81*0.25)+(K81*0.5))-(O81*0.25) -> 3.1208 | R81: x | S81: =B656 -> Kathleen Mullrooney | T81: ENGLAND | U81: SPAIN | V81: PORTUGAL | W81: =F656 -> 11685 | X81: =G656 -> 29 | Y81: =H656 -> 24 | Z81: =I656 -> 10 | AA81: =J656 -> 7 | AB81: =K656 -> 0 | AC81: =L656 -> 20 | AD81: =M656 -> 12 | ... AG81: =P656 -> 196.2355
C82: Rayan Cherki | D82: =IFERROR(VLOOKUP($C82,'World Cup Players'!B:X,3,FALSE),0) -> fr France | F82: =IFERROR(VLOOKUP($C82,'World Cup Players'!B:X,9,FALSE),0) -> 85 | G82: =IFERROR(VLOOKUP($C82,'World Cup Players'!B:X,11,FALSE),0) -> 0 | H82: =IFERROR(VLOOKUP($C82,'World Cup Players'!B:X,12,FALSE),0) -> 0 | I82: =IFERROR(VLOOKUP($C82,'GAME WINNING GOALS'!A:B,2,FALSE),0) -> 0 | J82: =IFERROR(VLOOKUP($C82,'World Cup Players'!B:X,17,FALSE),0) -> 0 | K82: =IFERROR(VLOOKUP($C82,'World Cup Players'!B:X,18,FALSE),0) -> 0 | L82: =IFERROR(VLOOKUP($C82,'World Cup GK'!B:AE,16,FALSE),0) -> 0 | M82: =IFERROR(VLOOKUP($C82,'World Cup GK'!B:AE,19,FALSE),0) -> 0 | N82: =IFERROR(VLOOKUP($C82,'World Cup GK'!B:AE,14,FALSE),0) -> 0 | O82: =IFERROR(VLOOKUP($C82,'World Cup GK'!B:AE,11,FALSE),0) -> 0 | P82: =SUM((F82*0.0083)+G82+H82+I82+L82+M82+(N82*0.2))-((J82*0.25)+(K82*0.5))-(O82*0.25) -> 0.7055 | S82: =B687 -> Nicolas Santia | T82: PORTUGAL | U82: SPAIN | V82: FRANCE | W82: =F687 -> 10764 | X82: =G687 -> 33 | Y82: =H687 -> 18 | Z82: =I687 -> 13 | AA82: =J687 -> 5 | AB82: =K687 -> 0 | AC82: =L687 -> 13 | AD82: =M687 -> 11 | ... AG82: =P687 -> 184.3412
C83: Chris Wood | D83: =IFERROR(VLOOKUP($C83,'World Cup Players'!B:X,3,FALSE),0) -> nz New Zealand | F83: =IFERROR(VLOOKUP($C83,'World Cup Players'!B:X,9,FALSE),0) -> 270 | G83: =IFERROR(VLOOKUP($C83,'World Cup Players'!B:X,11,FALSE),0) -> 0 | H83: =IFERROR(VLOOKUP($C83,'World Cup Players'!B:X,12,FALSE),0) -> 2 | I83: =IFERROR(VLOOKUP($C83,'GAME WINNING GOALS'!A:B,2,FALSE),0) -> 0 | J83: =IFERROR(VLOOKUP($C83,'World Cup Players'!B:X,17,FALSE),0) -> 0 | K83: =IFERROR(VLOOKUP($C83,'World Cup Players'!B:X,18,FALSE),0) -> 0 | L83: =IFERROR(VLOOKUP($C83,'World Cup GK'!B:AE,16,FALSE),0) -> 0 | M83: =IFERROR(VLOOKUP($C83,'World Cup GK'!B:AE,19,FALSE),0) -> 0 | N83: =IFERROR(VLOOKUP($C83,'World Cup GK'!B:AE,14,FALSE),0) -> 0 | O83: =IFERROR(VLOOKUP($C83,'World Cup GK'!B:AE,11,FALSE),0) -> 0 | P83: =SUM((F83*0.0083)+G83+H83+I83+L83+M83+(N83*0.2))-((J83*0.25)+(K83*0.5))-(O83*0.25) -> 4.241 | R83: x | S83: =B718 -> Brian Ihnacak | T83: FRANCE | U83: SPAIN | V83: ENGLAND | W83: =F718 -> 10791 | X83: =G718 -> 38 | Y83: =H718 -> 30 | Z83: =I718 -> 21 | AA83: =J718 -> 3 | AB83: =K718 -> 0 | AC83: =L718 -> 17 | AD83: =M718 -> 10 | ... AG83: =P718 -> 208.8653
C84: Jackson Irvine | D84: =IFERROR(VLOOKUP($C84,'World Cup Players'!B:X,3,FALSE),0) -> au Australia | F84: =IFERROR(VLOOKUP($C84,'World Cup Players'!B:X,9,FALSE),0) -> 223 | G84: =IFERROR(VLOOKUP($C84,'World Cup Players'!B:X,11,FALSE),0) -> 0 | H84: =IFERROR(VLOOKUP($C84,'World Cup Players'!B:X,12,FALSE),0) -> 0 | I84: =IFERROR(VLOOKUP($C84,'GAME WINNING GOALS'!A:B,2,FALSE),0) -> 0 | J84: =IFERROR(VLOOKUP($C84,'World Cup Players'!B:X,17,FALSE),0) -> 1 | K84: =IFERROR(VLOOKUP($C84,'World Cup Players'!B:X,18,FALSE),0) -> 0 | L84: =IFERROR(VLOOKUP($C84,'World Cup GK'!B:AE,16,FALSE),0) -> 0 | M84: =IFERROR(VLOOKUP($C84,'World Cup GK'!B:AE,19,FALSE),0) -> 0 | N84: =IFERROR(VLOOKUP($C84,'World Cup GK'!B:AE,14,FALSE),0) -> 0 | O84: =IFERROR(VLOOKUP($C84,'World Cup GK'!B:AE,11,FALSE),0) -> 0 | P84: =SUM((F84*0.0083)+G84+H84+I84+L84+M84+(N84*0.2))-((J84*0.25)+(K84*0.5))-(O84*0.25) -> 1.6009 | R84: x | S84: =B749 -> Jeff Bigelow | T84: ENGLAND | U84: GERMANY | V84: ARGENTINA | W84: =F749 -> 10403 | X84: =G749 -> 22 | Y84: =H749 -> 16 | Z84: =I749 -> 8 | AA84: =J749 -> 13 | AB84: =K749 -> 1 | AC84: =L749 -> 20 | AD84: =M749 -> 10 | ... AG84: =P749 -> 160.9949
C85: Ferrán Torres | D85: =IFERROR(VLOOKUP($C85,'World Cup Players'!B:X,3,FALSE),0) -> es Spain | F85: =IFERROR(VLOOKUP($C85,'World Cup Players'!B:X,9,FALSE),0) -> 229 | G85: =IFERROR(VLOOKUP($C85,'World Cup Players'!B:X,11,FALSE),0) -> 0 | H85: =IFERROR(VLOOKUP($C85,'World Cup Players'!B:X,12,FALSE),0) -> 1 | I85: =IFERROR(VLOOKUP($C85,'GAME WINNING GOALS'!A:B,2,FALSE),0) -> 0 | J85: =IFERROR(VLOOKUP($C85,'World Cup Players'!B:X,17,FALSE),0) -> 1 | K85: =IFERROR(VLOOKUP($C85,'World Cup Players'!B:X,18,FALSE),0) -> 0 | L85: =IFERROR(VLOOKUP($C85,'World Cup GK'!B:AE,16,FALSE),0) -> 0 | M85: =IFERROR(VLOOKUP($C85,'World Cup GK'!B:AE,19,FALSE),0) -> 0 | N85: =IFERROR(VLOOKUP($C85,'World Cup GK'!B:AE,14,FALSE),0) -> 0 | O85: =IFERROR(VLOOKUP($C85,'World Cup GK'!B:AE,11,FALSE),0) -> 0 | P85: =SUM((F85*0.0083)+G85+H85+I85+L85+M85+(N85*0.2))-((J85*0.25)+(K85*0.5))-(O85*0.25) -> 2.6507 | R85: x | S85: =B780 -> Steve Mastoras | T85: SPAIN | U85: CROATIA | V85: USA | W85: =F780 -> 10651 | X85: =G780 -> 28 | Y85: =H780 -> 22 | Z85: =I780 -> 8 | AA85: =J780 -> 8 | AB85: =K780 -> 0 | AC85: =L780 -> 20 | AD85: =M780 -> 12 | ... AG85: =P780 -> 178.4533
C86: Theo Hernández | D86: =IFERROR(VLOOKUP($C86,'World Cup Players'!B:X,3,FALSE),0) -> fr France | F86: =IFERROR(VLOOKUP($C86,'World Cup Players'!B:X,9,FALSE),0) -> 212 | G86: =IFERROR(VLOOKUP($C86,'World Cup Players'!B:X,11,FALSE),0) -> 0 | H86: =IFERROR(VLOOKUP($C86,'World Cup Players'!B:X,12,FALSE),0) -> 0 | I86: =IFERROR(VLOOKUP($C86,'GAME WINNING GOALS'!A:B,2,FALSE),0) -> 0 | J86: =IFERROR(VLOOKUP($C86,'World Cup Players'!B:X,17,FALSE),0) -> 0 | K86: =IFERROR(VLOOKUP($C86,'World Cup Players'!B:X,18,FALSE),0) -> 0 | L86: =IFERROR(VLOOKUP($C86,'World Cup GK'!B:AE,16,FALSE),0) -> 0 | M86: =IFERROR(VLOOKUP($C86,'World Cup GK'!B:AE,19,FALSE),0) -> 0 | N86: =IFERROR(VLOOKUP($C86,'World Cup GK'!B:AE,14,FALSE),0) -> 0 | O86: =IFERROR(VLOOKUP($C86,'World Cup GK'!B:AE,11,FALSE),0) -> 0 | P86: =SUM((F86*0.0083)+G86+H86+I86+L86+M86+(N86*0.2))-((J86*0.25)+(K86*0.5))-(O86*0.25) -> 1.7596 | R86: x | S86: =B811 -> Louise Pickles | T86: ENGLAND | U86: SPAIN | V86: ARGENTINA | W86: =F811 -> 11480 | X86: =G811 -> 38 | Y86: =H811 -> 25 | Z86: =I811 -> 18 | AA86: =J811 -> 6 | AB86: =K811 -> 0 | AC86: =L811 -> 20 | AD86: =M811 -> 10 | ... AG86: =P811 -> 207.184
C87: Joško Gvardiol | D87: =IFERROR(VLOOKUP($C87,'World Cup Players'!B:X,3,FALSE),0) -> hr Croatia | F87: =IFERROR(VLOOKUP($C87,'World Cup Players'!B:X,9,FALSE),0) -> 139 | G87: =IFERROR(VLOOKUP($C87,'World Cup Players'!B:X,11,FALSE),0) -> 0 | H87: =IFERROR(VLOOKUP($C87,'World Cup Players'!B:X,12,FALSE),0) -> 0 | I87: =IFERROR(VLOOKUP($C87,'GAME WINNING GOALS'!A:B,2,FALSE),0) -> 0 | J87: =IFERROR(VLOOKUP($C87,'World Cup Players'!B:X,17,FALSE),0) -> 0 | K87: =IFERROR(VLOOKUP($C87,'World Cup Players'!B:X,18,FALSE),0) -> 0 | L87: =IFERROR(VLOOKUP($C87,'World Cup GK'!B:AE,16,FALSE),0) -> 0 | M87: =IFERROR(VLOOKUP($C87,'World Cup GK'!B:AE,19,FALSE),0) -> 0 | N87: =IFERROR(VLOOKUP($C87,'World Cup GK'!B:AE,14,FALSE),0) -> 0 | O87: =IFERROR(VLOOKUP($C87,'World Cup GK'!B:AE,11,FALSE),0) -> 0 | P87: =SUM((F87*0.0083)+G87+H87+I87+L87+M87+(N87*0.2))-((J87*0.25)+(K87*0.5))-(O87*0.25) -> 1.1537 | R87: x | S87: =B842 -> Rod Akins | T87: FRANCE | U87: ENGLAND | V87: SPAIN | W87: =F842 -> 10059 | X87: =G842 -> 26 | Y87: =H842 -> 23 | Z87: =I842 -> 14 | AA87: =J842 -> 6 | AB87: =K842 -> 0 | AC87: =L842 -> 16 | AD87: =M842 -> 9 | ... AG87: =P842 -> 174.0397
C88: William Saliba | D88: =IFERROR(VLOOKUP($C88,'World Cup Players'!B:X,3,FALSE),0) -> fr France | F88: =IFERROR(VLOOKUP($C88,'World Cup Players'!B:X,9,FALSE),0) -> 479 | G88: =IFERROR(VLOOKUP($C88,'World Cup Players'!B:X,11,FALSE),0) -> 0 | H88: =IFERROR(VLOOKUP($C88,'World Cup Players'!B:X,12,FALSE),0) -> 0 | I88: =IFERROR(VLOOKUP($C88,'GAME WINNING GOALS'!A:B,2,FALSE),0) -> 0 | J88: =IFERROR(VLOOKUP($C88,'World Cup Players'!B:X,17,FALSE),0) -> 0 | K88: =IFERROR(VLOOKUP($C88,'World Cup Players'!B:X,18,FALSE),0) -> 0 | L88: =IFERROR(VLOOKUP($C88,'World Cup GK'!B:AE,16,FALSE),0) -> 0 | M88: =IFERROR(VLOOKUP($C88,'World Cup GK'!B:AE,19,FALSE),0) -> 0 | N88: =IFERROR(VLOOKUP($C88,'World Cup GK'!B:AE,14,FALSE),0) -> 0 | O88: =IFERROR(VLOOKUP($C88,'World Cup GK'!B:AE,11,FALSE),0) -> 0 | P88: =SUM((F88*0.0083)+G88+H88+I88+L88+M88+(N88*0.2))-((J88*0.25)+(K88*0.5))-(O88*0.25) -> 3.9757 | R88: x | S88: =B873 -> Andy MacDonald | T88: FRANCE | U88: SPAIN | V88: PORTUGAL | W88: =F873 -> 10212 | X88: =G873 -> 42 | Y88: =H873 -> 14 | Z88: =I873 -> 17 | AA88: =J873 -> 6 | AB88: =K873 -> 0 | AC88: =L873 -> 17 | AD88: =M873 -> 7 | ... AG88: =P873 -> 186.7096
C89: Marc Guéhi | D89: =IFERROR(VLOOKUP($C89,'World Cup Players'!B:X,3,FALSE),0) -> eng England | F89: =IFERROR(VLOOKUP($C89,'World Cup Players'!B:X,9,FALSE),0) -> 574 | G89: =IFERROR(VLOOKUP($C89,'World Cup Players'!B:X,11,FALSE),0) -> 0 | H89: =IFERROR(VLOOKUP($C89,'World Cup Players'!B:X,12,FALSE),0) -> 0 | I89: =IFERROR(VLOOKUP($C89,'GAME WINNING GOALS'!A:B,2,FALSE),0) -> 0 | J89: =IFERROR(VLOOKUP($C89,'World Cup Players'!B:X,17,FALSE),0) -> 1 | K89: =IFERROR(VLOOKUP($C89,'World Cup Players'!B:X,18,FALSE),0) -> 0 | L89: =IFERROR(VLOOKUP($C89,'World Cup GK'!B:AE,16,FALSE),0) -> 0 | M89: =IFERROR(VLOOKUP($C89,'World Cup GK'!B:AE,19,FALSE),0) -> 0 | N89: =IFERROR(VLOOKUP($C89,'World Cup GK'!B:AE,14,FALSE),0) -> 0 | O89: =IFERROR(VLOOKUP($C89,'World Cup GK'!B:AE,11,FALSE),0) -> 0 | P89: =SUM((F89*0.0083)+G89+H89+I89+L89+M89+(N89*0.2))-((J89*0.25)+(K89*0.5))-(O89*0.25) -> 4.5142 | R89: x | S89: =B904 -> John Mullrooney | T89: SPAIN | U89: ENGLAND | V89: FRANCE | W89: =F904 -> 11145 | X89: =G904 -> 31 | Y89: =H904 -> 29 | Z89: =I904 -> 16 | AA89: =J904 -> 6 | AB89: =K904 -> 0 | AC89: =L904 -> 17 | AD89: =M904 -> 10 | ... AG89: =P904 -> 199.5535
C90: Mike Maignan | D90: =IFERROR(VLOOKUP($C90,'World Cup Players'!B:X,3,FALSE),0) -> fr France | F90: =IFERROR(VLOOKUP($C90,'World Cup Players'!B:X,9,FALSE),0) -> 630 | G90: =IFERROR(VLOOKUP($C90,'World Cup Players'!B:X,11,FALSE),0) -> 0 | H90: =IFERROR(VLOOKUP($C90,'World Cup Players'!B:X,12,FALSE),0) -> 0 | I90: =IFERROR(VLOOKUP($C90,'GAME WINNING GOALS'!A:B,2,FALSE),0) -> 0 | J90: =IFERROR(VLOOKUP($C90,'World Cup Players'!B:X,17,FALSE),0) -> 0 | K90: =IFERROR(VLOOKUP($C90,'World Cup Players'!B:X,18,FALSE),0) -> 0 | L90: =IFERROR(VLOOKUP($C90,'World Cup GK'!B:AE,16,FALSE),0) -> 6 | M90: =IFERROR(VLOOKUP($C90,'World Cup GK'!B:AE,19,FALSE),0) -> 4 | N90: =IFERROR(VLOOKUP($C90,'World Cup GK'!B:AE,14,FALSE),0) -> 8 | O90: =IFERROR(VLOOKUP($C90,'World Cup GK'!B:AE,11,FALSE),0) -> 4 | P90: =SUM((F90*0.0083)+G90+H90+I90+L90+M90+(N90*0.2))-((J90*0.25)+(K90*0.5))-(O90*0.25) -> 15.829 | R90: x | S90: =B935 -> Patrick Mullrooney | T90: SPAIN | U90: FRANCE | V90: ENGLAND | W90: =F935 -> 10905 | X90: =G935 -> 29 | Y90: =H935 -> 20 | Z90: =I935 -> 13 | AA90: =J935 -> 8 | AB90: =K935 -> 0 | AC90: =L935 -> 19 | AD90: =M935 -> 14 | ... AG90: =P935 -> 188.5115
C91: Jordan Pickford | D91: =IFERROR(VLOOKUP($C91,'World Cup Players'!B:X,3,FALSE),0) -> eng England | F91: =IFERROR(VLOOKUP($C91,'World Cup Players'!B:X,9,FALSE),0) -> 660 | G91: =IFERROR(VLOOKUP($C91,'World Cup Players'!B:X,11,FALSE),0) -> 0 | H91: =IFERROR(VLOOKUP($C91,'World Cup Players'!B:X,12,FALSE),0) -> 0 | I91: =IFERROR(VLOOKUP($C91,'GAME WINNING GOALS'!A:B,2,FALSE),0) -> 0 | J91: =IFERROR(VLOOKUP($C91,'World Cup Players'!B:X,17,FALSE),0) -> 0 | K91: =IFERROR(VLOOKUP($C91,'World Cup Players'!B:X,18,FALSE),0) -> 0 | L91: =IFERROR(VLOOKUP($C91,'World Cup GK'!B:AE,16,FALSE),0) -> 5 | M91: =IFERROR(VLOOKUP($C91,'World Cup GK'!B:AE,19,FALSE),0) -> 2 | N91: =IFERROR(VLOOKUP($C91,'World Cup GK'!B:AE,14,FALSE),0) -> 15 | O91: =IFERROR(VLOOKUP($C91,'World Cup GK'!B:AE,11,FALSE),0) -> 8 | P91: =SUM((F91*0.0083)+G91+H91+I91+L91+M91+(N91*0.2))-((J91*0.25)+(K91*0.5))-(O91*0.25) -> 13.478 | R91: x | S91: =B966 -> Kim Gauthier | T91: ENGLAND | U91: ARGENTINA | V91: BRAZIL | W91: =F966 -> 10955 | X91: =G966 -> 40 | Y91: =H966 -> 26 | Z91: =I966 -> 17 | AA91: =J966 -> 5 | AB91: =K966 -> 0 | AC91: =L966 -> 10 | AD91: =M966 -> 8 | ... AG91: =P966 -> 195.3765
C92: Yassine Bounou | D92: =IFERROR(VLOOKUP($C92,'World Cup Players'!B:X,3,FALSE),0) -> ma Morocco | F92: =IFERROR(VLOOKUP($C92,'World Cup Players'!B:X,9,FALSE),0) -> 570 | G92: =IFERROR(VLOOKUP($C92,'World Cup Players'!B:X,11,FALSE),0) -> 0 | H92: =IFERROR(VLOOKUP($C92,'World Cup Players'!B:X,12,FALSE),0) -> 0 | I92: =IFERROR(VLOOKUP($C92,'GAME WINNING GOALS'!A:B,2,FALSE),0) -> 0 | J92: =IFERROR(VLOOKUP($C92,'World Cup Players'!B:X,17,FALSE),0) -> 0 | K92: =IFERROR(VLOOKUP($C92,'World Cup Players'!B:X,18,FALSE),0) -> 0 | L92: =IFERROR(VLOOKUP($C92,'World Cup GK'!B:AE,16,FALSE),0) -> 3 | M92: =IFERROR(VLOOKUP($C92,'World Cup GK'!B:AE,19,FALSE),0) -> 2 | N92: =IFERROR(VLOOKUP($C92,'World Cup GK'!B:AE,14,FALSE),0) -> 14 | O92: =IFERROR(VLOOKUP($C92,'World Cup GK'!B:AE,11,FALSE),0) -> 6 | P92: =SUM((F92*0.0083)+G92+H92+I92+L92+M92+(N92*0.2))-((J92*0.25)+(K92*0.5))-(O92*0.25) -> 11.031 | R92: x | S92: =B997 -> Maureen Mullrooney | T92: BRAZIL | U92: GERMANY | V92: SPAIN | W92: =F997 -> 10218 | X92: =G997 -> 28 | Y92: =H997 -> 21 | Z92: =I997 -> 9 | AA92: =J997 -> 6 | AB92: =K997 -> 0 | AC92: =L997 -> 11 | AD92: =M997 -> 6 | ... AG92: =P997 -> 161.2094
C93: Ørjan Nyland | D93: =IFERROR(VLOOKUP($C93,'World Cup Players'!B:X,3,FALSE),0) -> no Norway | F93: =IFERROR(VLOOKUP($C93,'World Cup Players'!B:X,9,FALSE),0) -> 480 | G93: =IFERROR(VLOOKUP($C93,'World Cup Players'!B:X,11,FALSE),0) -> 0 | H93: =IFERROR(VLOOKUP($C93,'World Cup Players'!B:X,12,FALSE),0) -> 0 | I93: =IFERROR(VLOOKUP($C93,'GAME WINNING GOALS'!A:B,2,FALSE),0) -> 0 | J93: =IFERROR(VLOOKUP($C93,'World Cup Players'!B:X,17,FALSE),0) -> 0 | K93: =IFERROR(VLOOKUP($C93,'World Cup Players'!B:X,18,FALSE),0) -> 0 | L93: =IFERROR(VLOOKUP($C93,'World Cup GK'!B:AE,16,FALSE),0) -> 4 | M93: =IFERROR(VLOOKUP($C93,'World Cup GK'!B:AE,19,FALSE),0) -> 0 | N93: =IFERROR(VLOOKUP($C93,'World Cup GK'!B:AE,14,FALSE),0) -> 15 | O93: =IFERROR(VLOOKUP($C93,'World Cup GK'!B:AE,11,FALSE),0) -> 7 | P93: =SUM((F93*0.0083)+G93+H93+I93+L93+M93+(N93*0.2))-((J93*0.25)+(K93*0.5))-(O93*0.25) -> 9.234 | R93: x | S93: =B1028 -> Brian Jefferson | T93: NETHERLANDS | U93: PORTUGAL | V93: ENGLAND | W93: =F1028 -> 10434 | X93: =G1028 -> 31 | Y93: =H1028 -> 15 | Z93: =I1028 -> 10 | AA93: =J1028 -> 7 | AB93: =K1028 -> 0 | AC93: =L1028 -> 14 | AD93: =M1028 -> 7 | ... AG93: =P1028 -> 165.0522
C94: Yahia Fofana | D94: =IFERROR(VLOOKUP($C94,'World Cup Players'!B:X,3,FALSE),0) -> ci Côte d'Ivoire | F94: =IFERROR(VLOOKUP($C94,'World Cup Players'!B:X,9,FALSE),0) -> 360 | G94: =IFERROR(VLOOKUP($C94,'World Cup Players'!B:X,11,FALSE),0) -> 0 | H94: =IFERROR(VLOOKUP($C94,'World Cup Players'!B:X,12,FALSE),0) -> 0 | I94: =IFERROR(VLOOKUP($C94,'GAME WINNING GOALS'!A:B,2,FALSE),0) -> 0 | J94: =IFERROR(VLOOKUP($C94,'World Cup Players'!B:X,17,FALSE),0) -> 0 | K94: =IFERROR(VLOOKUP($C94,'World Cup Players'!B:X,18,FALSE),0) -> 0 | L94: =IFERROR(VLOOKUP($C94,'World Cup GK'!B:AE,16,FALSE),0) -> 2 | M94: =IFERROR(VLOOKUP($C94,'World Cup GK'!B:AE,19,FALSE),0) -> 2 | N94: =IFERROR(VLOOKUP($C94,'World Cup GK'!B:AE,14,FALSE),0) -> 9 | O94: =IFERROR(VLOOKUP($C94,'World Cup GK'!B:AE,11,FALSE),0) -> 4 | P94: =SUM((F94*0.0083)+G94+H94+I94+L94+M94+(N94*0.2))-((J94*0.25)+(K94*0.5))-(O94*0.25) -> 7.788 | R94: x | S94: =B1059 -> Jacob Posen | T94: ARGENTINA | U94: FRANCE | V94: NETHERLANDS | W94: =F1059 -> 10520 | X94: =G1059 -> 35 | Y94: =H1059 -> 23 | Z94: =I1059 -> 16 | AA94: =J1059 -> 7 | AB94: =K1059 -> 1 | AC94: =L1059 -> 16 | AD94: =M1059 -> 14 | ... AG94: =P1059 -> 195.016
C95: SPAIN | D95: =IFERROR(VLOOKUP($C95,'World Cup Players'!B:X,3,FALSE),0) -> 0 | F95: =IFERROR(VLOOKUP($C95,'World Cup Players'!B:X,9,FALSE),0) -> 0 | G95: =IFERROR(VLOOKUP($C95,'World Cup Players'!B:X,11,FALSE),0) -> 0 | H95: 2 | I95: =IFERROR(VLOOKUP($C95,'GAME WINNING GOALS'!A:B,2,FALSE),0) -> 1 | J95: =IFERROR(VLOOKUP($C95,'World Cup Players'!B:X,17,FALSE),0) -> 0 | K95: =IFERROR(VLOOKUP($C95,'World Cup Players'!B:X,18,FALSE),0) -> 0 | L95: =IFERROR(VLOOKUP($C95,'World Cup GK'!B:AE,16,FALSE),0) -> 0 | M95: =IFERROR(VLOOKUP($C95,'World Cup GK'!B:AE,19,FALSE),0) -> 0 | N95: =IFERROR(VLOOKUP($C95,'World Cup GK'!B:AE,14,FALSE),0) -> 0 | O95: =IFERROR(VLOOKUP($C95,'World Cup GK'!B:AE,11,FALSE),0) -> 0 | P95: =SUM((F95*0.0083)+G95+H95+I95+L95+M95+(N95*0.2))-((J95*0.25)+(K95*0.5))-(O95*0.25) -> 3 | R95: x | S95: =B1090 -> Nathan Kessous | T95: ENGLAND | U95: SPAIN | V95: FRANCE | W95: =F1090 -> 10690 | X95: =G1090 -> 39 | Y95: =H1090 -> 26 | Z95: =I1090 -> 19 | AA95: =J1090 -> 5 | AB95: =K1090 -> 0 | AC95: =L1090 -> 18 | AD95: =M1090 -> 8 | ... AG95: =P1090 -> 202.827
C96: FRANCE | D96: =IFERROR(VLOOKUP($C96,'World Cup Players'!B:X,3,FALSE),0) -> 0 | F96: =IFERROR(VLOOKUP($C96,'World Cup Players'!B:X,9,FALSE),0) -> 0 | G96: =IFERROR(VLOOKUP($C96,'World Cup Players'!B:X,11,FALSE),0) -> 0 | H96: =IFERROR(VLOOKUP($C96,'World Cup Players'!B:X,12,FALSE),0) -> 0 | I96: =IFERROR(VLOOKUP($C96,'GAME WINNING GOALS'!A:B,2,FALSE),0) -> 1 | J96: =IFERROR(VLOOKUP($C96,'World Cup Players'!B:X,17,FALSE),0) -> 0 | K96: =IFERROR(VLOOKUP($C96,'World Cup Players'!B:X,18,FALSE),0) -> 0 | L96: =IFERROR(VLOOKUP($C96,'World Cup GK'!B:AE,16,FALSE),0) -> 0 | M96: =IFERROR(VLOOKUP($C96,'World Cup GK'!B:AE,19,FALSE),0) -> 0 | N96: =IFERROR(VLOOKUP($C96,'World Cup GK'!B:AE,14,FALSE),0) -> 0 | O96: =IFERROR(VLOOKUP($C96,'World Cup GK'!B:AE,11,FALSE),0) -> 0 | P96: =SUM((F96*0.0083)+G96+H96+I96+L96+M96+(N96*0.2))-((J96*0.25)+(K96*0.5))-(O96*0.25) -> 1 | R96: x | S96: =B1121 -> Justin Algor | T96: FRANCE | U96: SPAIN | V96: COLOMBIA | W96: =F1121 -> 11082 | X96: =G1121 -> 33 | Y96: =H1121 -> 19 | Z96: =I1121 -> 15 | AA96: =J1121 -> 5 | AB96: =K1121 -> 1 | AC96: =L1121 -> 17 | AD96: =M1121 -> 13 | ... AG96: =P1121 -> 190.1306
C97: ENGLAND | D97: =IFERROR(VLOOKUP($C97,'World Cup Players'!B:X,3,FALSE),0) -> 0 | F97: =IFERROR(VLOOKUP($C97,'World Cup Players'!B:X,9,FALSE),0) -> 0 | G97: =IFERROR(VLOOKUP($C97,'World Cup Players'!B:X,11,FALSE),0) -> 0 | H97: =IFERROR(VLOOKUP($C97,'World Cup Players'!B:X,12,FALSE),0) -> 0 | I97: =IFERROR(VLOOKUP($C97,'GAME WINNING GOALS'!A:B,2,FALSE),0) -> 1 | J97: =IFERROR(VLOOKUP($C97,'World Cup Players'!B:X,17,FALSE),0) -> 0 | K97: =IFERROR(VLOOKUP($C97,'World Cup Players'!B:X,18,FALSE),0) -> 0 | L97: =IFERROR(VLOOKUP($C97,'World Cup GK'!B:AE,16,FALSE),0) -> 0 | M97: =IFERROR(VLOOKUP($C97,'World Cup GK'!B:AE,19,FALSE),0) -> 0 | N97: =IFERROR(VLOOKUP($C97,'World Cup GK'!B:AE,14,FALSE),0) -> 0 | O97: =IFERROR(VLOOKUP($C97,'World Cup GK'!B:AE,11,FALSE),0) -> 0 | P97: =SUM((F97*0.0083)+G97+H97+I97+L97+M97+(N97*0.2))-((J97*0.25)+(K97*0.5))-(O97*0.25) -> 1 | S97: =B1152 -> Hudson Algor | T97: ENGLAND | U97: ARGENTINA | V97: FRANCE | W97: =F1152 -> 9711 | X97: =G1152 -> 39 | Y97: =H1152 -> 15 | Z97: =I1152 -> 15 | AA97: =J1152 -> 5 | AB97: =K1152 -> 0 | AC97: =L1152 -> 15 | AD97: =M1152 -> 6 | ... AG97: =P1152 -> 172.8513
B98: Tom Mullrooney | D98: =SUM(D99:D128) -> 0 | E98: =SUM(E99:E128) -> 0 | F98: =SUM(F99:F128) -> 10171 | G98: =SUM(G99:G128) -> 26 | H98: =SUM(H99:H128) -> 23 | I98: =SUM(I99:I128) -> 11 | J98: =SUM(J99:J128) -> 7 | K98: =SUM(K99:K128) -> 0 | ... O98: =SUM(O99:O128) -> 24 | P98: =SUM((F98*0.0083)+G98+H98+I98+L98+M98+(N98*0.2))-((J98*0.25)+(K98*0.5))-(O98*0.25) -> 173.0693 | S98: =B1183 -> Thayer Algor | T98: SPAIN | U98: FRANCE | V98: ARGENTINA | W98: =F1183 -> 12125 | X98: =G1183 -> 40 | Y98: =H1183 -> 28 | Z98: =I1183 -> 17 | AA98: =J1183 -> 8 | AB98: =K1183 -> 1 | AC98: =L1183 -> 18 | AD98: =M1183 -> 9 | ... AG98: =P1183 -> 214.0375
C99: Kylian Mbappé | D99: =IFERROR(VLOOKUP($C99,'World Cup Players'!B:X,3,FALSE),0) -> fr France | F99: =IFERROR(VLOOKUP($C99,'World Cup Players'!B:X,9,FALSE),0) -> 605 | G99: =IFERROR(VLOOKUP($C99,'World Cup Players'!B:X,11,FALSE),0) -> 8 | H99: =IFERROR(VLOOKUP($C99,'World Cup Players'!B:X,12,FALSE),0) -> 3 | I99: =IFERROR(VLOOKUP($C99,'GAME WINNING GOALS'!A:B,2,FALSE),0) -> 4 | J99: =IFERROR(VLOOKUP($C99,'World Cup Players'!B:X,17,FALSE),0) -> 1 | K99: =IFERROR(VLOOKUP($C99,'World Cup Players'!B:X,18,FALSE),0) -> 0 | L99: =IFERROR(VLOOKUP($C99,'World Cup GK'!B:AE,16,FALSE),0) -> 0 | M99: =IFERROR(VLOOKUP($C99,'World Cup GK'!B:AE,19,FALSE),0) -> 0 | N99: =IFERROR(VLOOKUP($C99,'World Cup GK'!B:AE,14,FALSE),0) -> 0 | O99: =IFERROR(VLOOKUP($C99,'World Cup GK'!B:AE,11,FALSE),0) -> 0 | P99: =SUM((F99*0.0083)+G99+H99+I99+L99+M99+(N99*0.2))-((J99*0.25)+(K99*0.5))-(O99*0.25) -> 19.7715 | S99: =B1214 -> Julian Brown | T99: SPAIN | U99: ENGLAND | V99: FRANCE | W99: =F1214 -> 11445 | X99: =G1214 -> 32 | Y99: =H1214 -> 27 | Z99: =I1214 -> 16 | AA99: =J1214 -> 6 | AB99: =K1214 -> 0 | AC99: =L1214 -> 18 | AD99: =M1214 -> 13 | ... AG99: =P1214 -> 204.4935
C100: Vinicius Júnior | D100: =IFERROR(VLOOKUP($C100,'World Cup Players'!B:X,3,FALSE),0) -> br Brazil | F100: =IFERROR(VLOOKUP($C100,'World Cup Players'!B:X,9,FALSE),0) -> 440 | G100: =IFERROR(VLOOKUP($C100,'World Cup Players'!B:X,11,FALSE),0) -> 4 | H100: =IFERROR(VLOOKUP($C100,'World Cup Players'!B:X,12,FALSE),0) -> 1 | I100: =IFERROR(VLOOKUP($C100,'GAME WINNING GOALS'!A:B,2,FALSE),0) -> 1 | J100: =IFERROR(VLOOKUP($C100,'World Cup Players'!B:X,17,FALSE),0) -> 0 | K100: =IFERROR(VLOOKUP($C100,'World Cup Players'!B:X,18,FALSE),0) -> 0 | L100: =IFERROR(VLOOKUP($C100,'World Cup GK'!B:AE,16,FALSE),0) -> 0 | M100: =IFERROR(VLOOKUP($C100,'World Cup GK'!B:AE,19,FALSE),0) -> 0 | N100: =IFERROR(VLOOKUP($C100,'World Cup GK'!B:AE,14,FALSE),0) -> 0 | O100: =IFERROR(VLOOKUP($C100,'World Cup GK'!B:AE,11,FALSE),0) -> 0 | P100: =SUM((F100*0.0083)+G100+H100+I100+L100+M100+(N100*0.2))-((J100*0.25)+(K100*0.5))-(O100*0.25) -> 9.652 | S100: =B1245 -> Leo Mastoras | T100: SPAIN | U100: FRANCE | V100: ENGLAND | W100: =F1245 -> 11437 | X100: =G1245 -> 30 | Y100: =H1245 -> 20 | Z100: =I1245 -> 14 | AA100: =J1245 -> 10 | AB100: =K1245 -> 0 | AC100: =L1245 -> 19 | AD100: =M1245 -> 12 | ... AG100: =P1245 -> 191.5771
C101: Florian Wirtz | D101: =IFERROR(VLOOKUP($C101,'World Cup Players'!B:X,3,FALSE),0) -> de Germany | F101: =IFERROR(VLOOKUP($C101,'World Cup Players'!B:X,9,FALSE),0) -> 361 | G101: =IFERROR(VLOOKUP($C101,'World Cup Players'!B:X,11,FALSE),0) -> 0 | H101: =IFERROR(VLOOKUP($C101,'World Cup Players'!B:X,12,FALSE),0) -> 3 | I101: =IFERROR(VLOOKUP($C101,'GAME WINNING GOALS'!A:B,2,FALSE),0) -> 0 | J101: =IFERROR(VLOOKUP($C101,'World Cup Players'!B:X,17,FALSE),0) -> 0 | K101: =IFERROR(VLOOKUP($C101,'World Cup Players'!B:X,18,FALSE),0) -> 0 | L101: =IFERROR(VLOOKUP($C101,'World Cup GK'!B:AE,16,FALSE),0) -> 0 | M101: =IFERROR(VLOOKUP($C101,'World Cup GK'!B:AE,19,FALSE),0) -> 0 | N101: =IFERROR(VLOOKUP($C101,'World Cup GK'!B:AE,14,FALSE),0) -> 0 | O101: =IFERROR(VLOOKUP($C101,'World Cup GK'!B:AE,11,FALSE),0) -> 0 | P101: =SUM((F101*0.0083)+G101+H101+I101+L101+M101+(N101*0.2))-((J101*0.25)+(K101*0.5))-(O101*0.25) -> 5.9963
C102: Ousmane Dembélé | D102: =IFERROR(VLOOKUP($C102,'World Cup Players'!B:X,3,FALSE),0) -> fr France | F102: =IFERROR(VLOOKUP($C102,'World Cup Players'!B:X,9,FALSE),0) -> 547 | G102: =IFERROR(VLOOKUP($C102,'World Cup Players'!B:X,11,FALSE),0) -> 5 | H102: =IFERROR(VLOOKUP($C102,'World Cup Players'!B:X,12,FALSE),0) -> 2 | I102: =IFERROR(VLOOKUP($C102,'GAME WINNING GOALS'!A:B,2,FALSE),0) -> 1 | J102: =IFERROR(VLOOKUP($C102,'World Cup Players'!B:X,17,FALSE),0) -> 0 | K102: =IFERROR(VLOOKUP($C102,'World Cup Players'!B:X,18,FALSE),0) -> 0 | L102: =IFERROR(VLOOKUP($C102,'World Cup GK'!B:AE,16,FALSE),0) -> 0 | M102: =IFERROR(VLOOKUP($C102,'World Cup GK'!B:AE,19,FALSE),0) -> 0 | N102: =IFERROR(VLOOKUP($C102,'World Cup GK'!B:AE,14,FALSE),0) -> 0 | O102: =IFERROR(VLOOKUP($C102,'World Cup GK'!B:AE,11,FALSE),0) -> 0 | P102: =SUM((F102*0.0083)+G102+H102+I102+L102+M102+(N102*0.2))-((J102*0.25)+(K102*0.5))-(O102*0.25) -> 12.5401
C103: Federico Valverde | D103: =IFERROR(VLOOKUP($C103,'World Cup Players'!B:X,3,FALSE),0) -> uy Uruguay | F103: =IFERROR(VLOOKUP($C103,'World Cup Players'!B:X,9,FALSE),0) -> 236 | G103: =IFERROR(VLOOKUP($C103,'World Cup Players'!B:X,11,FALSE),0) -> 0 | H103: =IFERROR(VLOOKUP($C103,'World Cup Players'!B:X,12,FALSE),0) -> 0 | I103: =IFERROR(VLOOKUP($C103,'GAME WINNING GOALS'!A:B,2,FALSE),0) -> 0 | J103: =IFERROR(VLOOKUP($C103,'World Cup Players'!B:X,17,FALSE),0) -> 0 | K103: =IFERROR(VLOOKUP($C103,'World Cup Players'!B:X,18,FALSE),0) -> 0 | L103: =IFERROR(VLOOKUP($C103,'World Cup GK'!B:AE,16,FALSE),0) -> 0 | M103: =IFERROR(VLOOKUP($C103,'World Cup GK'!B:AE,19,FALSE),0) -> 0 | N103: =IFERROR(VLOOKUP($C103,'World Cup GK'!B:AE,14,FALSE),0) -> 0 | O103: =IFERROR(VLOOKUP($C103,'World Cup GK'!B:AE,11,FALSE),0) -> 0 | P103: =SUM((F103*0.0083)+G103+H103+I103+L103+M103+(N103*0.2))-((J103*0.25)+(K103*0.5))-(O103*0.25) -> 1.9588
C104: Rodri | D104: =IFERROR(VLOOKUP($C104,'World Cup Players'!B:X,3,FALSE),0) -> es Spain | F104: =IFERROR(VLOOKUP($C104,'World Cup Players'!B:X,9,FALSE),0) -> 626 | G104: =IFERROR(VLOOKUP($C104,'World Cup Players'!B:X,11,FALSE),0) -> 0 | H104: =IFERROR(VLOOKUP($C104,'World Cup Players'!B:X,12,FALSE),0) -> 0 | I104: =IFERROR(VLOOKUP($C104,'GAME WINNING GOALS'!A:B,2,FALSE),0) -> 0 | J104: =IFERROR(VLOOKUP($C104,'World Cup Players'!B:X,17,FALSE),0) -> 0 | K104: =IFERROR(VLOOKUP($C104,'World Cup Players'!B:X,18,FALSE),0) -> 0 | L104: =IFERROR(VLOOKUP($C104,'World Cup GK'!B:AE,16,FALSE),0) -> 0 | M104: =IFERROR(VLOOKUP($C104,'World Cup GK'!B:AE,19,FALSE),0) -> 0 | N104: =IFERROR(VLOOKUP($C104,'World Cup GK'!B:AE,14,FALSE),0) -> 0 | O104: =IFERROR(VLOOKUP($C104,'World Cup GK'!B:AE,11,FALSE),0) -> 0 | P104: =SUM((F104*0.0083)+G104+H104+I104+L104+M104+(N104*0.2))-((J104*0.25)+(K104*0.5))-(O104*0.25) -> 5.1958
C105: Aleksandar Pavlovic | D105: =IFERROR(VLOOKUP($C105,'World Cup Players'!B:X,3,FALSE),0) -> de Germany | F105: =IFERROR(VLOOKUP($C105,'World Cup Players'!B:X,9,FALSE),0) -> 272 | G105: =IFERROR(VLOOKUP($C105,'World Cup Players'!B:X,11,FALSE),0) -> 0 | H105: =IFERROR(VLOOKUP($C105,'World Cup Players'!B:X,12,FALSE),0) -> 0 | I105: =IFERROR(VLOOKUP($C105,'GAME WINNING GOALS'!A:B,2,FALSE),0) -> 0 | J105: =IFERROR(VLOOKUP($C105,'World Cup Players'!B:X,17,FALSE),0) -> 1 | K105: =IFERROR(VLOOKUP($C105,'World Cup Players'!B:X,18,FALSE),0) -> 0 | L105: =IFERROR(VLOOKUP($C105,'World Cup GK'!B:AE,16,FALSE),0) -> 0 | M105: =IFERROR(VLOOKUP($C105,'World Cup GK'!B:AE,19,FALSE),0) -> 0 | N105: =IFERROR(VLOOKUP($C105,'World Cup GK'!B:AE,14,FALSE),0) -> 0 | O105: =IFERROR(VLOOKUP($C105,'World Cup GK'!B:AE,11,FALSE),0) -> 0 | P105: =SUM((F105*0.0083)+G105+H105+I105+L105+M105+(N105*0.2))-((J105*0.25)+(K105*0.5))-(O105*0.25) -> 2.0076
C106: Alexis Mac Allister | D106: =IFERROR(VLOOKUP($C106,'World Cup Players'!B:X,3,FALSE),0) -> ar Argentina | F106: =IFERROR(VLOOKUP($C106,'World Cup Players'!B:X,9,FALSE),0) -> 630 | G106: =IFERROR(VLOOKUP($C106,'World Cup Players'!B:X,11,FALSE),0) -> 1 | H106: =IFERROR(VLOOKUP($C106,'World Cup Players'!B:X,12,FALSE),0) -> 1 | I106: =IFERROR(VLOOKUP($C106,'GAME WINNING GOALS'!A:B,2,FALSE),0) -> 0 | J106: =IFERROR(VLOOKUP($C106,'World Cup Players'!B:X,17,FALSE),0) -> 0 | K106: =IFERROR(VLOOKUP($C106,'World Cup Players'!B:X,18,FALSE),0) -> 0 | L106: =IFERROR(VLOOKUP($C106,'World Cup GK'!B:AE,16,FALSE),0) -> 0 | M106: =IFERROR(VLOOKUP($C106,'World Cup GK'!B:AE,19,FALSE),0) -> 0 | N106: =IFERROR(VLOOKUP($C106,'World Cup GK'!B:AE,14,FALSE),0) -> 0 | O106: =IFERROR(VLOOKUP($C106,'World Cup GK'!B:AE,11,FALSE),0) -> 0 | P106: =SUM((F106*0.0083)+G106+H106+I106+L106+M106+(N106*0.2))-((J106*0.25)+(K106*0.5))-(O106*0.25) -> 7.229
C107: Casemiro | D107: =IFERROR(VLOOKUP($C107,'World Cup Players'!B:X,3,FALSE),0) -> br Brazil | F107: =IFERROR(VLOOKUP($C107,'World Cup Players'!B:X,9,FALSE),0) -> 379 | G107: =IFERROR(VLOOKUP($C107,'World Cup Players'!B:X,11,FALSE),0) -> 1 | H107: =IFERROR(VLOOKUP($C107,'World Cup Players'!B:X,12,FALSE),0) -> 0 | I107: =IFERROR(VLOOKUP($C107,'GAME WINNING GOALS'!A:B,2,FALSE),0) -> 0 | J107: =IFERROR(VLOOKUP($C107,'World Cup Players'!B:X,17,FALSE),0) -> 2 | K107: =IFERROR(VLOOKUP($C107,'World Cup Players'!B:X,18,FALSE),0) -> 0 | L107: =IFERROR(VLOOKUP($C107,'World Cup GK'!B:AE,16,FALSE),0) -> 0 | M107: =IFERROR(VLOOKUP($C107,'World Cup GK'!B:AE,19,FALSE),0) -> 0 | N107: =IFERROR(VLOOKUP($C107,'World Cup GK'!B:AE,14,FALSE),0) -> 0 | O107: =IFERROR(VLOOKUP($C107,'World Cup GK'!B:AE,11,FALSE),0) -> 0 | P107: =SUM((F107*0.0083)+G107+H107+I107+L107+M107+(N107*0.2))-((J107*0.25)+(K107*0.5))-(O107*0.25) -> 3.6457
C108: Jude Bellingham | D108: =IFERROR(VLOOKUP($C108,'World Cup Players'!B:X,3,FALSE),0) -> eng England | F108: =IFERROR(VLOOKUP($C108,'World Cup Players'!B:X,9,FALSE),0) -> 602 | G108: =IFERROR(VLOOKUP($C108,'World Cup Players'!B:X,11,FALSE),0) -> 6 | H108: =IFERROR(VLOOKUP($C108,'World Cup Players'!B:X,12,FALSE),0) -> 1 | I108: =IFERROR(VLOOKUP($C108,'GAME WINNING GOALS'!A:B,2,FALSE),0) -> 3 | J108: =IFERROR(VLOOKUP($C108,'World Cup Players'!B:X,17,FALSE),0) -> 1 | K108: =IFERROR(VLOOKUP($C108,'World Cup Players'!B:X,18,FALSE),0) -> 0 | L108: =IFERROR(VLOOKUP($C108,'World Cup GK'!B:AE,16,FALSE),0) -> 0 | M108: =IFERROR(VLOOKUP($C108,'World Cup GK'!B:AE,19,FALSE),0) -> 0 | N108: =IFERROR(VLOOKUP($C108,'World Cup GK'!B:AE,14,FALSE),0) -> 0 | O108: =IFERROR(VLOOKUP($C108,'World Cup GK'!B:AE,11,FALSE),0) -> 0 | P108: =SUM((F108*0.0083)+G108+H108+I108+L108+M108+(N108*0.2))-((J108*0.25)+(K108*0.5))-(O108*0.25) -> 14.7466
C109: Michael Olise | D109: =IFERROR(VLOOKUP($C109,'World Cup Players'!B:X,3,FALSE),0) -> fr France | F109: =IFERROR(VLOOKUP($C109,'World Cup Players'!B:X,9,FALSE),0) -> 556 | G109: =IFERROR(VLOOKUP($C109,'World Cup Players'!B:X,11,FALSE),0) -> 0 | H109: =IFERROR(VLOOKUP($C109,'World Cup Players'!B:X,12,FALSE),0) -> 5 | I109: =IFERROR(VLOOKUP($C109,'GAME WINNING GOALS'!A:B,2,FALSE),0) -> 0 | J109: =IFERROR(VLOOKUP($C109,'World Cup Players'!B:X,17,FALSE),0) -> 1 | K109: =IFERROR(VLOOKUP($C109,'World Cup Players'!B:X,18,FALSE),0) -> 0 | L109: =IFERROR(VLOOKUP($C109,'World Cup GK'!B:AE,16,FALSE),0) -> 0 | M109: =IFERROR(VLOOKUP($C109,'World Cup GK'!B:AE,19,FALSE),0) -> 0 | N109: =IFERROR(VLOOKUP($C109,'World Cup GK'!B:AE,14,FALSE),0) -> 0 | O109: =IFERROR(VLOOKUP($C109,'World Cup GK'!B:AE,11,FALSE),0) -> 0 | P109: =SUM((F109*0.0083)+G109+H109+I109+L109+M109+(N109*0.2))-((J109*0.25)+(K109*0.5))-(O109*0.25) -> 9.3648
C110: Nico Williams | D110: =IFERROR(VLOOKUP($C110,'World Cup Players'!B:X,3,FALSE),0) -> es Spain | F110: =IFERROR(VLOOKUP($C110,'World Cup Players'!B:X,9,FALSE),0) -> 67 | G110: =IFERROR(VLOOKUP($C110,'World Cup Players'!B:X,11,FALSE),0) -> 0 | H110: =IFERROR(VLOOKUP($C110,'World Cup Players'!B:X,12,FALSE),0) -> 0 | I110: =IFERROR(VLOOKUP($C110,'GAME WINNING GOALS'!A:B,2,FALSE),0) -> 0 | J110: =IFERROR(VLOOKUP($C110,'World Cup Players'!B:X,17,FALSE),0) -> 0 | K110: =IFERROR(VLOOKUP($C110,'World Cup Players'!B:X,18,FALSE),0) -> 0 | L110: =IFERROR(VLOOKUP($C110,'World Cup GK'!B:AE,16,FALSE),0) -> 0 | M110: =IFERROR(VLOOKUP($C110,'World Cup GK'!B:AE,19,FALSE),0) -> 0 | N110: =IFERROR(VLOOKUP($C110,'World Cup GK'!B:AE,14,FALSE),0) -> 0 | O110: =IFERROR(VLOOKUP($C110,'World Cup GK'!B:AE,11,FALSE),0) -> 0 | P110: =SUM((F110*0.0083)+G110+H110+I110+L110+M110+(N110*0.2))-((J110*0.25)+(K110*0.5))-(O110*0.25) -> 0.5561
...

Sheet World Cup Players
A1: Playing Time | E1: Performance | M1: Per 90 Minutes
H2: Playing Time | L2: Performance | T2: Per 90 Minutes
A3: Rk | B3: Player | C3: Pos | D3: Squad | E3: Age | F3: Club | G3: Born | H3: MP | I3: Starts | J3: Min | K3: 90s | L3: Gls | M3: Ast | N3: G+A | O3: G-PK | P3: PK | Q3: PKatt | R3: CrdY | S3: CrdR | T3: Gls | U3: Ast | V3: G+A | W3: G-PK | X3: G+A-PK | Y3: Matches
A4: 1 | B4: Brenden Aaronson | C4: MF | D4: us United States | E4: 25-267 | F4: 1.eng Leeds United | G4: 2000 | H4: 1 | I4: 1 | J4: 76 | K4: 0.8 | L4: 0 | M4: 0 | N4: 0 | O4: 0 | P4: 0 | Q4: 0 | R4: 0 | S4: 0 | T4: 0 | U4: 0 | V4: 0 | W4: 0 | X4: 0 | Y4: Matches
A5: 2 | B5: Thelo Aasgaard | C5: MF | D5: no Norway | E5: 24-075 | F5: 1.sct Rangers | G5: 2002 | H5: 1 | I5: 1 | J5: 90 | K5: 1 | L5: 1 | M5: 0 | N5: 1 | O5: 1 | P5: 0 | Q5: 0 | R5: 0 | S5: 0 | T5: 1 | U5: 0 | V5: 1 | W5: 1 | X5: 1 | Y5: Matches
A6: 3 | B6: Hamza Abdelkarim | C6: FW | D6: eg Egypt | E6: 18-196 | F6: 4.es Barcelona B | G6: 2008 | H6: 4 | I6: 0 | J6: 60 | K6: 0.7 | L6: 0 | M6: 0 | N6: 0 | O6: 0 | P6: 0 | Q6: 0 | R6: 0 | S6: 0 | T6: 0 | U6: 0 | V6: 0 | W6: 0 | X6: 0 | Y6: Matches
A7: 4 | B7: Hossam Abdelmaguid | C7: DF | D7: eg Egypt | E7: 25-077 | F7: 1.eg Zamalek SC | G7: 2001 | H7: 2 | I7: 0 | J7: 59 | K7: 0.7 | L7: 0 | M7: 0 | N7: 0 | O7: 0 | P7: 0 | Q7: 0 | R7: 0 | S7: 0 | T7: 0 | U7: 0 | V7: 0 | W7: 0 | X7: 0 | Y7: Matches
A8: 5 | B8: Mohamed Abdelmonem | C8: DF | D8: eg Egypt | E8: 27-165 | F8: 1.fr Nice | G8: 1999 | H8: 2 | I8: 1 | J8: 14 | K8: 0.2 | L8: 0 | M8: 0 | N8: 0 | O8: 0 | P8: 0 | Q8: 0 | R8: 0 | S8: 0 | T8: 0 | U8: 0 | V8: 0 | W8: 0 | X8: 0 | Y8: Matches
A9: 6 | B9: Ali Abdi | C9: DF | D9: tn Tunisia | E9: 32-208 | F9: 1.fr Nice | G9: 1993 | H9: 3 | I9: 3 | J9: 269 | K9: 3 | L9: 0 | M9: 0 | N9: 0 | O9: 0 | P9: 0 | Q9: 0 | R9: 0 | S9: 0 | T9: 0 | U9: 0 | V9: 0 | W9: 0 | X9: 0 | Y9: Matches
A10: 7 | B10: Saud Abdulhamid | C10: DF | D10: sa Saudi Arabia | E10: 26-363 | F10: 1.fr Lens | G10: 1999 | H10: 3 | I10: 3 | J10: 269 | K10: 3 | L10: 0 | M10: 0 | N10: 0 | O10: 0 | P10: 0 | Q10: 0 | R10: 1 | S10: 0 | T10: 0 | U10: 0 | V10: 0 | W10: 0 | X10: 0 | Y10: Matches
A11: 8 | B11: Abdulla Abdullaev | C11: DF | D11: uz Uzbekistan | E11: 28-318 | F11: 1.ae Dibba Al Fujairah | G11: 1997 | H11: 2 | I11: 2 | J11: 180 | K11: 2 | L11: 0 | M11: 0 | N11: 0 | O11: 0 | P11: 0 | Q11: 0 | R11: 0 | S11: 0 | T11: 0 | U11: 0 | V11: 0 | W11: 0 | X11: 0 | Y11: Matches
A12: 9 | B12: Yusuf Abdurisag | C12: FW | D12: qa Qatar | E12: 26-344 | F12: 1.qa Al-Wakrah | G12: 1999 | H12: 2 | I12: 2 | J12: 98 | K12: 1.1 | L12: 0 | M12: 0 | N12: 0 | O12: 0 | P12: 0 | Q12: 0 | R12: 0 | S12: 0 | T12: 0 | U12: 0 | V12: 0 | W12: 0 | X12: 0 | Y12: Matches
A13: 10 | B13: Husam Abu Dahab | C13: DF | D13: jo Jordan | E13: 26-064 | F13: 1.kw Al-Salmiya SC | G13: 2000 | H13: 2 | I13: 2 | J13: 178 | K13: 2 | L13: 0 | M13: 0 | N13: 0 | O13: 0 | P13: 0 | Q13: 0 | R13: 1 | S13: 0 | T13: 0 | U13: 0 | V13: 0 | W13: 0 | X13: 0 | Y13: Matches
A14: 11 | B14: Mohammad Abu Hasheesh | C14: DF | D14: jo Jordan | E14: 31-068 | F14: 1.iq Al-Karma | G14: 1995 | H14: 1 | I14: 0 | J14: 6 | K14: 0.1 | L14: 0 | M14: 0 | N14: 0 | O14: 0 | P14: 0 | Q14: 0 | R14: 0 | S14: 0 | T14: 0 | U14: 0 | V14: 0 | W14: 0 | X14: 0 | Y14: Matches
A15: 12 | B15: Mohannad Abu Taha | C15: DF | D15: jo Jordan | E15: 23-164 | F15: 1.iq Al-Quwa Al-Jawiya | G15: 2003 | H15: 3 | I15: 3 | J15: 264 | K15: 2.9 | L15: 0 | M15: 0 | N15: 0 | O15: 0 | P15: 0 | Q15: 0 | R15: 1 | S15: 0 | T15: 0 | U15: 0 | V15: 0 | W15: 0 | X15: 0 | Y15: Matches
... A28: 25 | B28: Akram Afif | C28: FW,MF | D28: qa Qatar | E28: 29-240 | F28: 1.qa Al Sadd | G28: 1996 | H28: 3 | I28: 3 | J28: 238 | K28: 2.6 | L28: 0 | M28: 0 | N28: 0 | O28: 0 | P28: 0 | Q28: 0 | R28: 0 | S28: 0 | T28: 0 | U28: 0 | V28: 0 | W28: 0 | X28: 0 | Y28: Matches
A29: Rk | B29: Player | C29: Pos | D29: Squad | E29: Age | F29: Club | G29: Born | H29: MP | I29: Starts | J29: Min | K29: 90s | L29: Gls | M29: Ast | N29: G+A | O29: G-PK | P29: PK | Q29: PKatt | R29: CrdY | S29: CrdR | T29: Gls | U29: Ast | V29: G+A | W29: G-PK | X29: G+A-PK | Y29: Matches
A30: 26 | B30: Emmanuel Agbadou | C30: DF | D30: ci Côte d'Ivoire | E30: 29-029 | F30: 1.tr Beşiktaş | G30: 1997 | H30: 3 | I30: 3 | J30: 270 | K30: 3 | L30: 0 | M30: 0 | N30: 0 | O30: 0 | P30: 0 | Q30: 0 | R30: 0 | S30: 0 | T30: 0 | U30: 0 | V30: 0 | W30: 0 | X30: 0 | Y30: Matches
A31: 27 | B31: Rodrigo Aguirre | C31: FW | D31: uy Uruguay | E31: 31-288 | F31: 1.mx América | G31: 1994 | H31: 1 | I31: 0 | J31: 1 | K31: 0 | L31: 0 | M31: 0 | N31: 0 | O31: 0 | P31: 0 | Q31: 0 | R31: 0 | S31: 0 | T31: 0 | U31: 0 | V31: 0 | W31: 0 | X31: 0 | Y31: Matches
A32: 28 | B32: Ali Ahmed | C32: MF | D32: ca Canada | E32: 25-279 | F32: 2.eng Norwich City | G32: 2000 | H32: 4 | I32: 3 | J32: 234 | K32: 2.6 | L32: 0 | M32: 0 | N32: 0 | O32: 0 | P32: 0 | Q32: 0 | R32: 0 | S32: 0 | T32: 0 | U32: 0 | V32: 0 | W32: 0 | X32: 0 | Y32: Matches
A33: 29 | B33: Homam Ahmed | C33: DF | D33: qa Qatar | E33: 26-325 | F33: 2.es Cultural Leonesa | G33: 1999 | H33: 2 | I33: 2 | J33: 122 | K33: 1.4 | L33: 0 | M33: 1 | N33: 1 | O33: 0 | P33: 0 | Q33: 0 | R33: 0 | S33: 1 | T33: 0 | U33: 0.74 | V33: 0.74 | W33: 0 | X33: 0.74 | Y33: Matches
A34: 30 | B34: Rayan Aït-Nouri | C34: DF | D34: dz Algeria | E34: 25-040 | F34: 1.eng Manchester City | G34: 2001 | H34: 4 | I34: 3 | J34: 284 | K34: 3.2 | L34: 0 | M34: 0 | N34: 0 | O34: 0 | P34: 0 | Q34: 0 | R34: 0 | S34: 0 | T34: 0 | U34: 0 | V34: 0 | W34: 0 | X34: 0 | Y34: Matches
A35: 31 | B35: Kristoffer Ajer | C35: DF | D35: no Norway | E35: 28-090 | F35: 1.eng Brentford | G35: 1998 | H35: 5 | I35: 5 | J35: 480 | K35: 5.3 | L35: 0 | M35: 0 | N35: 0 | O35: 0 | P35: 0 | Q35: 0 | R35: 1 | S35: 0 | T35: 0 | U35: 0 | V35: 0 | W35: 0 | X35: 0 | Y35: Matches
A36: 32 | B36: Manuel Akanji | C36: DF | D36: ch Switzerland | E36: 30-362 | F36: 1.it Inter | G36: 1995 | H36: 6 | I36: 6 | J36: 600 | K36: 6.7 | L36: 0 | M36: 0 | N36: 0 | O36: 0 | P36: 0 | Q36: 0 | R36: 0 | S36: 0 | T36: 0 | U36: 0 | V36: 0 | W36: 0 | X36: 0 | Y36: Matches
A37: 33 | B37: Nathan Aké | C37: DF | D37: nl Netherlands | E37: 31-148 | F37: 1.eng Manchester City | G37: 1995 | H37: 3 | I37: 2 | J37: 170 | K37: 1.9 | L37: 0 | M37: 0 | N37: 0 | O37: 0 | P37: 0 | Q37: 0 | R37: 0 | S37: 0 | T37: 0 | U37: 0 | V37: 0 | W37: 0 | X37: 0 | Y37: Matches
A38: 34 | B38: Yunus Akgün | C38: MF | D38: tr Türkiye | E38: 26-009 | F38: 1.tr Galatasaray | G38: 2000 | H38: 2 | I38: 1 | J38: 88 | K38: 1 | L38: 0 | M38: 0 | N38: 0 | O38: 0 | P38: 0 | Q38: 0 | R38: 1 | S38: 0 | T38: 0 | U38: 0 | V38: 0 | W38: 0 | X38: 0 | Y38: Matches
A39: 35 | B39: Maghnes Akliouche | C39: MF | D39: fr France | E39: 24-141 | F39: 1.fr Monaco | G39: 2002 | H39: 1 | I39: 0 | J39: 8 | K39: 0.1 | L39: 0 | M39: 0 | N39: 0 | O39: 0 | P39: 0 | Q39: 0 | R39: 0 | S39: 0 | T39: 0 | U39: 0 | V39: 0 | W39: 0 | X39: 0 | Y39: Matches
A40: 36 | B40: Kerem Aktürkoğlu | C40: FW | D40: tr Türkiye | E40: 27-268 | F40: 1.tr Fenerbahçe | G40: 1998 | H40: 2 | I40: 2 | J40: 129 | K40: 1.4 | L40: 0 | M40: 0 | N40: 0 | O40: 0 | P40: 0 | Q40: 0 | R40: 0 | S40: 0 | T40: 0 | U40: 0 | V40: 0 | W40: 0 | X40: 0 | Y40: Matches
A41: 37 | B41: Ahmed Alaaeldin | C41: FW | D41: qa Qatar | E41: 33-166 | F41: 1.qa Al Rayyan SC | G41: 1993 | H41: 2 | I41: 0 | J41: 43 | K41: 0.5 | L41: 0 | M41: 0 | N41: 0 | O41: 0 | P41: 0 | Q41: 0 | R41: 0 | S41: 0 | T41: 0 | U41: 0 | V41: 0 | W41: 0 | X41: 0 | Y41: Matches
... A54: 50 | B54: Miguel Almirón | C54: MF,FW | D54: py Paraguay | E54: 32-156 | F54: 1.us Atlanta Utd | G54: 1994 | H54: 4 | I54: 4 | J54: 282 | K54: 3.1 | L54: 0 | M54: 0 | N54: 0 | O54: 0 | P54: 0 | Q54: 0 | R54: 1 | S54: 1 | T54: 0 | U54: 0 | V54: 0 | W54: 0 | X54: 0 | Y54: Matches
A55: Rk | B55: Player | C55: Pos | D55: Squad | E55: Age | F55: Club | G55: Born | H55: MP | I55: Starts | J55: Min | K55: 90s | L55: Gls | M55: Ast | N55: G+A | O55: G-PK | P55: PK | Q55: PKatt | R55: CrdY | S55: CrdR | T55: Gls | U55: Ast | V55: G+A | W55: G-PK | X55: G+A-PK | Y55: Matches
A56: 51 | B56: Júnior Alonso | C56: DF | D56: py Paraguay | E56: 33-157 | F56: 1.br Atlético Mineiro | G56: 1993 | H56: 5 | I56: 4 | J56: 390 | K56: 4.3 | L56: 0 | M56: 0 | N56: 0 | O56: 0 | P56: 0 | Q56: 0 | R56: 1 | S56: 0 | T56: 0 | U56: 0 | V56: 0 | W56: 0 | X56: 0 | Y56: Matches
A57: 52 | B57: Barış Alper Yılmaz | C57: MF,FW | D57: tr Türkiye | E57: 26-054 | F57: 1.tr Galatasaray | G57: 2000 | H57: 3 | I57: 2 | J57: 179 | K57: 2 | L57: 1 | M57: 1 | N57: 2 | O57: 1 | P57: 0 | Q57: 0 | R57: 0 | S57: 0 | T57: 0.5 | U57: 0.5 | V57: 1.01 | W57: 0.5 | X57: 1.01 | Y57: Matches
A58: 53 | B58: Roberto Alvarado | C58: FW,MF | D58: mx Mexico | E58: 27-312 | F58: 1.mx Guadalajara | G58: 1998 | H58: 5 | I58: 5 | J58: 428 | K58: 4.8 | L58: 0 | M58: 3 | N58: 3 | O58: 0 | P58: 0 | Q58: 0 | R58: 0 | S58: 0 | T58: 0 | U58: 0.63 | V58: 0.63 | W58: 0 | X58: 0.63 | Y58: Matches
A59: 54 | B59: Edson Álvarez | C59: MF,DF | D59: mx Mexico | E59: 28-265 | F59: 1.eng West Ham | G59: 1997 | H59: 4 | I59: 2 | J59: 240 | K59: 2.7 | L59: 0 | M59: 0 | N59: 0 | O59: 0 | P59: 0 | Q59: 0 | R59: 1 | S59: 0 | T59: 0 | U59: 0 | V59: 0 | W59: 0 | X59: 0 | Y59: Matches
A60: 55 | B60: Julián Álvarez | C60: FW | D60: ar Argentina | E60: 26-166 | F60: 1.es Atlético Madrid | G60: 2000 | H60: 7 | I60: 4 | J60: 501 | K60: 5.6 | L60: 1 | M60: 0 | N60: 1 | O60: 1 | P60: 0 | Q60: 0 | R60: 0 | S60: 0 | T60: 0.18 | U60: 0 | V60: 0.18 | W60: 0.18 | X60: 0.18 | Y60: Matches
A61: 56 | B61: Ayoube Amaimouni | C61: MF | D61: ma Morocco | E61: 21-228 | F61: 1.de Frankfurt | G61: 2004 | H61: 2 | I61: 0 | J61: 18 | K61: 0.2 | L61: 0 | M61: 0 | N61: 0 | O61: 0 | P61: 0 | Q61: 0 | R61: 0 | S61: 0 | T61: 0 | U61: 0 | V61: 0 | W61: 0 | X61: 0 | Y61: Matches
A62: 57 | B62: Zeki Amdouni | C62: FW,MF | D62: ch Switzerland | E62: 25-224 | F62: 1.eng Burnley | G62: 2000 | H62: 4 | I62: 0 | J62: 73 | K62: 0.8 | L62: 0 | M62: 0 | N62: 0 | O62: 0 | P62: 0 | Q62: 0 | R62: 0 | S62: 0 | T62: 0 | U62: 0 | V62: 0 | W62: 0 | X62: 0 | Y62: Matches
A63: 58 | B63: Michael Amir Murillo | C63: DF,MF | D63: pa Panama | E63: 30-155 | F63: 1.tr Beşiktaş | G63: 1996 | H63: 3 | I63: 3 | J63: 270 | K63: 3 | L63: 0 | M63: 0 | N63: 0 | O63: 0 | P63: 0 | Q63: 0 | R63: 0 | S63: 0 | T63: 0 | U63: 0 | V63: 0 | W63: 0 | X63: 0 | Y63: Matches
A64: 59 | B64: Nadiem Amiri | C64: MF | D64: de Germany | E64: 29-262 | F64: 1.de Mainz 05 | G64: 1996 | H64: 2 | I64: 0 | J64: 42 | K64: 0.5 | L64: 0 | M64: 1 | N64: 1 | O64: 0 | P64: 0 | Q64: 0 | R64: 0 | S64: 0 | T64: 0 | U64: 2.14 | V64: 2.14 | W64: 0 | X64: 2.14 | Y64: Matches
A65: 60 | B65: Amir Al Ammari | C65: MF | D65: iq Iraq | E65: 28-354 | F65: 1.pl Cracovia | G65: 1997 | H65: 3 | I65: 3 | J65: 247 | K65: 2.7 | L65: 0 | M65: 1 | N65: 1 | O65: 0 | P65: 0 | Q65: 0 | R65: 2 | S65: 0 | T65: 0 | U65: 0.36 | V65: 0.36 | W65: 0 | X65: 0.36 | Y65: Matches
A66: 61 | B66: Azizbek Amonov | C66: FW | D66: uz Uzbekistan | E66: 28-259 | F66: 1.uz FK Bukhara Nurafshon | G66: 1997 | H66: 1 | I66: 0 | J66: 14 | K66: 0.2 | L66: 0 | M66: 0 | N66: 0 | O66: 0 | P66: 0 | Q66: 0 | R66: 0 | S66: 0 | T66: 0 | U66: 0 | V66: 0 | W66: 0 | X66: 0 | Y66: Matches
A67: 62 | B67: Mohamed Amoura | C67: FW,MF | D67: dz Algeria | E67: 26-068 | F67: 1.de Wolfsburg | G67: 2000 | H67: 1 | I67: 0 | J67: 27 | K67: 0.3 | L67: 0 | M67: 0 | N67: 0 | O67: 0 | P67: 0 | Q67: 0 | R67: 0 | S67: 0 | T67: 0 | U67: 0 | V67: 0 | W67: 0 | X67: 0 | Y67: Matches
A68: 63 | B68: Sofyan Amrabat | C68: MF | D68: ma Morocco | E68: 29-329 | F68: 1.es Real Betis | G68: 1996 | H68: 3 | I68: 1 | J68: 147 | K68: 1.6 | L68: 0 | M68: 0 | N68: 0 | O68: 0 | P68: 0 | Q68: 0 | R68: 0 | S68: 0 | T68: 0 | U68: 0 | V68: 0 | W68: 0 | X68: 0 | Y68: Matches
A69: 64 | B69: Abdulelah Al-Amri | C69: DF | D69: sa Saudi Arabia | E69: 29-182 | G69: 1997 | H69: 3 | I69: 3 | J69: 239 | K69: 2.7 | L69: 1 | M69: 0 | N69: 1 | O69: 1 | P69: 0 | Q69: 0 | R69: 1 | S69: 0 | T69: 0.38 | U69: 0 | V69: 0.38 | W69: 0.38 | X69: 0.38 | Y69: Matches
A70: 65 | B70: Youssef Amyn | C70: MF | D70: iq Iraq | E70: 22-329 | F70: 1.cy AEK Larnaca | G70: 2003 | H70: 1 | I70: 0 | J70: 31 | K70: 0.3 | L70: 0 | M70: 0 | N70: 0 | O70: 0 | P70: 0 | Q70: 0 | R70: 0 | S70: 0 | T70: 0 | U70: 0 | V70: 0 | W70: 0 | X70: 0 | Y70: Matches
A71: 66 | B71: Elliot Anderson | C71: MF | D71: eng England | E71: 23-252 | F71: 1.eng Nottingham | G71: 2002 | H71: 7 | I71: 7 | J71: 620 | K71: 6.9 | L71: 0 | M71: 1 | N71: 1 | O71: 0 | P71: 0 | Q71: 0 | R71: 1 | S71: 0 | T71: 0 | U71: 0.15 | V71: 0.15 | W71: 0 | X71: 0.15 | Y71: Matches
A72: 67 | B72: Andrés Andrade Cedeño | C72: DF | D72: pa Panama | E72: 27-273 | F72: 1.at LASK | G72: 1998 | H72: 3 | I72: 3 | J72: 270 | K72: 3 | L72: 0 | M72: 0 | N72: 0 | O72: 0 | P72: 0 | Q72: 0 | R72: 1 | S72: 0 | T72: 0 | U72: 0 | V72: 0 | W72: 0 | X72: 0 | Y72: Matches
A73: 68 | B73: Fredrik André Bjørkan | C73: DF | D73: no Norway | E73: 27-329 | F73: 1.no Bodø/Glimt | G73: 1998 | H73: 1 | I73: 1 | J73: 45 | K73: 0.5 | L73: 0 | M73: 0 | N73: 0 | O73: 0 | P73: 0 | Q73: 0 | R73: 0 | S73: 0 | T73: 0 | U73: 0 | V73: 0 | W73: 0 | X73: 0 | Y73: Matches
A74: 69 | B74: Nilson Angulo | C74: MF | D74: ec Ecuador | E74: 23-027 | F74: 1.eng Sunderland | G74: 2003 | H74: 4 | I74: 2 | J74: 218 | K74: 2.4 | L74: 1 | M74: 0 | N74: 1 | O74: 1 | P74: 0 | Q74: 0 | R74: 0 | S74: 0 | T74: 0.41 | U74: 0 | V74: 0.41 | W74: 0.41 | X74: 0.41 | Y74: Matches
A75: 70 | B75: Waldemar Anton | C75: DF,MF | D75: de Germany | E75: 29-361 | F75: 1.de Dortmund | G75: 1996 | H75: 2 | I75: 0 | J75: 50 | K75: 0.6 | L75: 0 | M75: 0 | N75: 0 | O75: 0 | P75: 0 | Q75: 0 | R75: 0 | S75: 0 | T75: 0 | U75: 0 | V75: 0 | W75: 0 | X75: 0 | Y75: Matches
A76: 71 | B76: Jeremy Antonisse | C76: FW,MF | D76: cw Curaçao | E76: 24-109 | F76: 1.gr AE Kifisia | G76: 2002 | H76: 2 | I76: 0 | J76: 75 | K76: 0.8 | L76: 0 | M76: 0 | N76: 0 | O76: 0 | P76: 0 | Q76: 0 | R76: 0 | S76: 0 | T76: 0 | U76: 0 | V76: 0 | W76: 0 | X76: 0 | Y76: Matches
A77: 72 | B77: Houssem Aouar | C77: MF | D77: dz Algeria | E77: 28-016 | F77: 1.sa Al-Ittihad | G77: 1998 | H77: 3 | I77: 2 | J77: 173 | K77: 1.9 | L77: 0 | M77: 2 | N77: 2 | O77: 0 | P77: 0 | Q77: 0 | R77: 0 | S77: 0 | T77: 0 | U77: 1.04 | V77: 1.04 | W77: 0 | X77: 1.04 | Y77: Matches
A78: 73 | B78: Oswin Appollis | C78: MF,FW | D78: za South Africa | E78: 24-325 | F78: 1.za Orlando Pirates | G78: 2001 | H78: 4 | I78: 3 | J78: 255 | K78: 2.8 | L78: 0 | M78: 0 | N78: 0 | O78: 0 | P78: 0 | Q78: 0 | R78: 0 | S78: 0 | T78: 0 | U78: 0 | V78: 0 | W78: 0 | X78: 0 | Y78: Matches
A79: 74 | B79: Yazan Al-Arab | C79: DF | D79: jo Jordan | E79: 30-166 | F79: 1.kr FC Seoul | G79: 1996 | H79: 3 | I79: 3 | J79: 270 | K79: 3 | L79: 0 | M79: 0 | N79: 0 | O79: 0 | P79: 0 | Q79: 0 | R79: 1 | S79: 0 | T79: 0 | U79: 0 | V79: 0 | W79: 0 | X79: 0 | Y79: Matches
A80: 75 | B80: Maxi Araújo | C80: FW,MF | D80: uy Uruguay | E80: 26-151 | F80: 1.pt Sporting CP | G80: 2000 | H80: 3 | I80: 3 | J80: 250 | K80: 2.8 | L80: 2 | M80: 1 | N80: 3 | O80: 2 | P80: 0 | Q80: 0 | R80: 0 | S80: 0 | T80: 0.72 | U80: 0.36 | V80: 1.08 | W80: 0.72 | X80: 1.08 | Y80: Matches
A81: Rk | B81: Player | C81: Pos | D81: Squad | E81: Age | F81: Club | G81: Born | H81: MP | I81: Starts | J81: Min | K81: 90s | L81: Gls | M81: Ast | N81: G+A | O81: G-PK | P81: PK | Q81: PKatt | R81: CrdY | S81: CrdR | T81: Gls | U81: Ast | V81: G+A | W81: G-PK | X81: G+A-PK | Y81: Matches
A82: 76 | B82: Tomás Araújo | C82: DF | D82: pt Portugal | E82: 24-061 | F82: 1.pt Benfica | G82: 2002 | H82: 1 | I82: 1 | J82: 90 | K82: 1 | L82: 0 | M82: 0 | N82: 0 | O82: 0 | P82: 0 | Q82: 0 | R82: 1 | S82: 0 | T82: 0 | U82: 0 | V82: 0 | W82: 0 | X82: 0 | Y82: Matches
A83: 77 | B83: Telmo Arcanjo | C83: MF | D83: cv Cabo Verde | E83: 25-025 | F83: 1.pt Vit. Guimarães | G83: 2001 | H83: 2 | I83: 1 | J83: 57 | K83: 0.6 | L83: 0 | M83: 0 | N83: 0 | O83: 0 | P83: 0 | Q83: 0 | R83: 0 | S83: 0 | T83: 0 | U83: 0 | V83: 0 | W83: 0 | X83: 0 | Y83: Matches
A84: 78 | B84: Álex Arce | C84: FW | D84: py Paraguay | E84: 31-030 | F84: 1.ar Ind. Rivadavia | G84: 1995 | H84: 2 | I84: 0 | J84: 53 | K84: 0.6 | L84: 0 | M84: 0 | N84: 0 | O84: 0 | P84: 0 | Q84: 0 | R84: 1 | S84: 0 | T84: 0 | U84: 0 | V84: 0 | W84: 0 | X84: 0 | Y84: Matches
A85: 79 | B85: Carlens Arcus | C85: MF,DF | D85: ht Haiti | E85: 30-018 | F85: 1.fr Angers | G85: 1996 | H85: 3 | I85: 2 | J85: 146 | K85: 1.6 | L85: 0 | M85: 0 | N85: 0 | O85: 0 | P85: 0 | Q85: 0 | R85: 1 | S85: 0 | T85: 0 | U85: 0 | V85: 0 | W85: 0 | X85: 0 | Y85: Matches
A86: 80 | B86: Max Arfsten | C86: MF | D86: us United States | E86: 25-088 | F86: 1.us Columbus Crew | G86: 2001 | H86: 1 | I86: 0 | J86: 1 | K86: 0 | L86: 0 | M86: 0 | N86: 0 | O86: 0 | P86: 0 | Q86: 0 | R86: 0 | S86: 0 | T86: 0 | U86: 0 | V86: 0 | W86: 0 | X86: 0 | Y86: Matches
A87: 81 | B87: Jhon Arias | C87: MF | D87: co Colombia | E87: 28-298 | F87: 1.br Palmeiras | G87: 1997 | H87: 5 | I87: 5 | J87: 377 | K87: 4.2 | L87: 1 | M87: 0 | N87: 1 | O87: 1 | P87: 0 | Q87: 0 | R87: 1 | S87: 0 | T87: 0.24 | U87: 0 | V87: 0.24 | W87: 0.24 | X87: 0.24 | Y87: Matches
A88: 82 | B88: Santiago Arias | C88: DF | D88: co Colombia | E88: 34-184 | F88: 1.ar Independiente | G88: 1992 | H88: 1 | I88: 1 | J88: 86 | K88: 1 | L88: 0 | M88: 0 | N88: 0 | O88: 0 | P88: 0 | Q88: 0 | R88: 0 | S88: 0 | T88: 0 | U88: 0 | V88: 0 | W88: 0 | X88: 0 | Y88: Matches
A89: 83 | B89: Marko Arnautović | C89: FW | D89: at Austria | E89: 37-088 | F89: 1.rs Red Star | G89: 1989 | H89: 4 | I89: 1 | J89: 144 | K89: 1.6 | L89: 2 | M89: 0 | N89: 2 | O89: 1 | P89: 1 | Q89: 1 | R89: 1 | S89: 0 | T89: 1.25 | U89: 0 | V89: 1.25 | W89: 0.62 | X89: 0.62 | Y89: Matches
A90: 84 | B90: Benjamin Asare | C90: GK | D90: gh Ghana | E90: 34-003 | F90: 1.gh Accra Hearts of Oak | G90: 1992 | H90: 3 | I90: 2 | J90: 225 | K90: 2.5 | L90: 0 | M90: 0 | N90: 0 | O90: 0 | P90: 0 | Q90: 0 | R90: 0 | S90: 0 | T90: 0 | U90: 0 | V90: 0 | W90: 0 | X90: 0 | Y90: Matches
A91: 85 | B91: Emam Ashour | C91: MF | D91: eg Egypt | E91: 28-146 | F91: 1.eg Al Ahly | G91: 1998 | H91: 5 | I91: 5 | J91: 362 | K91: 4 | L91: 2 | M91: 0 | N91: 2 | O91: 2 | P91: 0 | Q91: 0 | R91: 0 | S91: 0 | T91: 0.5 | U91: 0 | V91: 0.5 | W91: 0.5 | X91: 0.5 | Y91: Matches
A92: 86 | B92: Rustam Ashurmatov | C92: DF | D92: uz Uzbekistan | E92: 30-009 | F92: 1.ir Esteghlal | G92: 1996 | H92: 3 | I92: 3 | J92: 256 | K92: 2.8 | L92: 0 | M92: 0 | N92: 0 | O92: 0 | P92: 0 | Q92: 0 | R92: 0 | S92: 0 | T92: 0 | U92: 0 | V92: 0 | W92: 0 | X92: 0 | Y92: Matches
A93: 87 | B93: Lawrence Ati-Zigi | C93: GK | D93: gh Ghana | E93: 29-229 | F93: 1.ch St. Gallen | G93: 1996 | H93: 2 | I93: 2 | J93: 135 | K93: 1.5 | L93: 0 | M93: 0 | N93: 0 | O93: 0 | P93: 0 | Q93: 0 | R93: 0 | S93: 0 | T93: 0 | U93: 0 | V93: 0 | W93: 0 | X93: 0 | Y93: Matches
... A106: 100 | B106: Esmir Bajraktarevic | C106: MF | D106: ba Bosnia–Herz | E106: 21-128 | F106: 1.nl PSV | G106: 2005 | H106: 4 | I106: 2 | J106: 230 | K106: 2.6 | L106: 0 | M106: 0 | N106: 0 | O106: 0 | P106: 0 | Q106: 0 | R106: 0 | S106: 0 | T106: 0 | U106: 0 | V106: 0 | W106: 0 | X106: 0 | Y106: Matches
A107: Rk | B107: Player | C107: Pos | D107: Squad | E107: Age | F107: Club | G107: Born | H107: MP | I107: Starts | J107: Min | K107: 90s | L107: Gls | M107: Ast | N107: G+A | O107: G-PK | P107: PK | Q107: PKatt | R107: CrdY | S107: CrdR | T107: Gls | U107: Ast | V107: G+A | W107: G-PK | X107: G+A-PK | Y107: Matches
A108: 101 | B108: Cédric Bakambu | C108: FW | D108: cd Congo DR | E108: 35-096 | F108: 1.es Real Betis | G108: 1991 | H108: 3 | I108: 3 | J108: 190 | K108: 2.1 | L108: 0 | M108: 0 | N108: 0 | O108: 0 | P108: 0 | Q108: 0 | R108: 0 | S108: 0 | T108: 0 | U108: 0 | V108: 0 | W108: 0 | X108: 0 | Y108: Matches
A109: 102 | B109: Fabián Balbuena | C109: DF | D109: py Paraguay | E109: 34-327 | F109: 1.br Grêmio | G109: 1991 | H109: 1 | I109: 0 | J109: 1 | K109: 0 | L109: 0 | M109: 0 | N109: 0 | O109: 0 | P109: 0 | Q109: 0 | R109: 0 | S109: 0 | T109: 0 | U109: 0 | V109: 0 | W109: 0 | X109: 0 | Y109: Matches
A110: 103 | B110: Folarin Balogun | C110: FW | D110: us United States | E110: 25-013 | F110: 1.fr Monaco | G110: 2001 | H110: 4 | I110: 4 | J110: 312 | K110: 3.5 | L110: 3 | M110: 0 | N110: 3 | O110: 3 | P110: 0 | Q110: 0 | R110: 1 | S110: 1 | T110: 0.87 | U110: 0 | V110: 0.87 | W110: 0.87 | X110: 0.87 | Y110: Matches
A111: 104 | B111: Simon Banza | C111: FW,MF | D111: cd Congo DR | E111: 29-337 | F111: 1.ae Al Jazira Club | G111: 1996 | H111: 2 | I111: 0 | J111: 40 | K111: 0.4 | L111: 0 | M111: 0 | N111: 0 | O111: 0 | P111: 0 | Q111: 0 | R111: 0 | S111: 0 | T111: 0 | U111: 0 | V111: 0 | W111: 0 | X111: 0 | Y111: Matches
A112: 105 | B112: Yoel Bárcenas | C112: MF | D112: pa Panama | E112: 32-266 | F112: 1.mx Mazatlán | G112: 1993 | H112: 3 | I112: 3 | J112: 249 | K112: 2.8 | L112: 0 | M112: 0 | N112: 0 | O112: 0 | P112: 0 | Q112: 0 | R112: 1 | S112: 0 | T112: 0 | U112: 0 | V112: 0 | W112: 0 | X112: 0 | Y112: Matches
A113: 106 | B113: Valentín Barco | C113: DF,MF | D113: ar Argentina | E113: 21-358 | F113: 1.fr Strasbourg | G113: 2004 | H113: 1 | I113: 0 | J113: 20 | K113: 0.2 | L113: 0 | M113: 0 | N113: 0 | O113: 0 | P113: 0 | Q113: 0 | R113: 0 | S113: 0 | T113: 0 | U113: 0 | V113: 0 | W113: 0 | X113: 0 | Y113: Matches
A114: 107 | B114: Bradley Barcola | C114: MF | D114: fr France | E114: 23-317 | F114: 1.fr PSG | G114: 2002 | H114: 7 | I114: 4 | J114: 339 | K114: 3.8 | L114: 2 | M114: 1 | N114: 3 | O114: 2 | P114: 0 | Q114: 0 | R114: 1 | S114: 0 | T114: 0.53 | U114: 0.27 | V114: 0.8 | W114: 0.53 | X114: 0.8 | Y114: Matches
A115: 108 | B115: Abdülkerim Bardakcı | C115: DF | D115: tr Türkiye | E115: 31-312 | F115: 1.tr Galatasaray | G115: 1994 | H115: 3 | I115: 3 | J115: 265 | K115: 2.9 | L115: 0 | M115: 0 | N115: 0 | O115: 0 | P115: 0 | Q115: 0 | R115: 0 | S115: 0 | T115: 0 | U115: 0 | V115: 0 | W115: 0 | X115: 0 | Y115: Matches
A116: 109 | B116: Ivan Bašić | C116: MF | D116: ba Bosnia–Herz | E116: 24-077 | F116: 1.kz FC Astana | G116: 2002 | H116: 3 | I116: 2 | J116: 179 | K116: 2 | L116: 0 | M116: 1 | N116: 1 | O116: 0 | P116: 0 | Q116: 0 | R116: 0 | S116: 0 | T116: 0 | U116: 0.5 | V116: 0.5 | W116: 0 | X116: 0.5 | Y116: Matches
A117: 110 | B117: Ahmed Basil | C117: GK | D117: iq Iraq | E117: 29-331 | F117: 1.iq Al-Shorta | G117: 1996 | H117: 2 | I117: 2 | J117: 135 | K117: 1.5 | L117: 0 | M117: 0 | N117: 0 | O117: 0 | P117: 0 | Q117: 0 | R117: 0 | S117: 0 | T117: 0 | U117: 0 | V117: 0 | W117: 0 | X117: 0 | Y117: Matches
A118: 111 | B118: Martin Baturina | C118: MF,FW | D118: hr Croatia | E118: 23-150 | F118: 1.it Como | G118: 2003 | H118: 4 | I118: 4 | J118: 321 | K118: 3.6 | L118: 1 | M118: 0 | N118: 1 | O118: 1 | P118: 0 | Q118: 0 | R118: 0 | S118: 0 | T118: 0.28 | U118: 0 | V118: 0.28 | W118: 0.28 | X118: 0.28 | Y118: Matches
A119: 112 | B119: Ibrahim Bayesh | C119: MF,FW | D119: iq Iraq | E119: 26-076 | F119: 1.ae Al Dhafra SCC | G119: 2000 | H119: 3 | I119: 3 | J119: 235 | K119: 2.6 | L119: 0 | M119: 0 | N119: 0 | O119: 0 | P119: 0 | Q119: 0 | R119: 0 | S119: 0 | T119: 0 | U119: 0 | V119: 0 | W119: 0 | X119: 0 | Y119: Matches
... A132: 125 | B132: Anis Ben Slimane | C132: MF,FW | D132: tn Tunisia | E132: 25-122 | F132: 2.eng Norwich City | G132: 2001 | H132: 3 | I132: 3 | J132: 240 | K132: 2.7 | L132: 0 | M132: 0 | N132: 0 | O132: 0 | P132: 0 | Q132: 0 | R132: 0 | S132: 0 | T132: 0 | U132: 0 | V132: 0 | W132: 0 | X132: 0 | Y132: Matches
A133: Rk | B133: Player | C133: Pos | D133: Squad | E133: Age | F133: Club | G133: Born | H133: MP | I133: Starts | J133: Min | K133: 90s | L133: Gls | M133: Ast | N133: G+A | O133: G-PK | P133: PK | Q133: PKatt | R133: CrdY | S133: CrdR | T133: Gls | U133: Ast | V133: G+A | W133: G-PK | X133: G+A-PK | Y133: Matches
A134: 126 | B134: Oussama Benbot | C134: GK | D134: dz Algeria | E134: 31-278 | F134: 1.dz USM Alger | G134: 1994 | H134: 1 | I134: 1 | J134: 90 | K134: 1 | L134: 0 | M134: 0 | N134: 0 | O134: 0 | P134: 0 | Q134: 0 | R134: 0 | S134: 0 | T134: 0 | U134: 0 | V134: 0 | W134: 0 | X134: 0 | Y134: Matches
A135: 127 | B135: Nadhir Benbouali | C135: FW | D135: dz Algeria | E135: 26-090 | F135: 1.hu Győr | G135: 2000 | H135: 1 | I135: 0 | J135: 45 | K135: 0.5 | L135: 1 | M135: 0 | N135: 1 | O135: 1 | P135: 0 | Q135: 0 | R135: 0 | S135: 0 | T135: 2 | U135: 0 | V135: 2 | W135: 2 | X135: 2 | Y135: Matches
A136: 128 | B136: Gilson Benchimol | C136: FW | D136: cv Cabo Verde | E136: 24-199 | F136: 1.ru Akron Tolyatti | G136: 2001 | H136: 2 | I136: 1 | J136: 78 | K136: 0.9 | L136: 0 | M136: 0 | N136: 0 | O136: 0 | P136: 0 | Q136: 0 | R136: 0 | S136: 0 | T136: 0 | U136: 0 | V136: 0 | W136: 0 | X136: 0 | Y136: Matches
A137: 129 | B137: Ramy Bensebaini | C137: DF | D137: dz Algeria | E137: 31-091 | F137: 1.de Dortmund | G137: 1995 | H137: 4 | I137: 4 | J137: 360 | K137: 4 | L137: 0 | M137: 0 | N137: 0 | O137: 0 | P137: 0 | Q137: 0 | R137: 0 | S137: 0 | T137: 0 | U137: 0 | V137: 0 | W137: 0 | X137: 0 | Y137: Matches
A138: 130 | B138: Nabil Bentaleb | C138: MF | D138: dz Algeria | E138: 31-234 | F138: 1.fr Lille | G138: 1994 | H138: 4 | I138: 3 | J138: 285 | K138: 3.2 | L138: 0 | M138: 0 | N138: 0 | O138: 0 | P138: 0 | Q138: 0 | R138: 0 | S138: 0 | T138: 0 | U138: 0 | V138: 0 | W138: 0 | X138: 0 | Y138: Matches
A139: 131 | B139: Rodrigo Bentancur | C139: MF | D139: uy Uruguay | E139: 29-021 | F139: 1.eng Tottenham | G139: 1997 | H139: 3 | I139: 3 | J139: 270 | K139: 3 | L139: 0 | M139: 0 | N139: 0 | O139: 0 | P139: 0 | Q139: 0 | R139: 1 | S139: 0 | T139: 0 | U139: 0 | V139: 0 | W139: 0 | X139: 0 | Y139: Matches
A140: 132 | B140: Patrick Berg | C140: MF | D140: no Norway | E140: 28-234 | F140: 1.no Bodø/Glimt | G140: 1997 | H140: 6 | I140: 4 | J140: 445 | K140: 4.9 | L140: 0 | M140: 2 | N140: 2 | O140: 0 | P140: 0 | Q140: 0 | R140: 1 | S140: 0 | T140: 0 | U140: 0.4 | V140: 0.4 | W140: 0 | X140: 0.4 | Y140: Matches
A141: 133 | B141: Sander Berge | C141: MF | D141: no Norway | E141: 28-152 | F141: 1.eng Fulham | G141: 1998 | H141: 5 | I141: 5 | J141: 480 | K141: 5.3 | L141: 0 | M141: 0 | N141: 0 | O141: 0 | P141: 0 | Q141: 0 | R141: 0 | S141: 0 | T141: 0 | U141: 0 | V141: 0 | W141: 0 | X141: 0 | Y141: Matches
A142: 134 | B142: Lucas Bergvall | C142: MF | D142: se Sweden | E142: 20-164 | F142: 1.eng Tottenham | G142: 2006 | H142: 4 | I142: 1 | J142: 181 | K142: 2 | L142: 0 | M142: 1 | N142: 1 | O142: 0 | P142: 0 | Q142: 0 | R142: 1 | S142: 0 | T142: 0 | U142: 0.5 | V142: 0.5 | W142: 0 | X142: 0.5 | Y142: Matches
A143: 135 | B143: Sebastian Berhalter | C143: MF | D143: us United States | E143: 25-067 | F143: 1.us Vancouver | G143: 2001 | H143: 5 | I143: 1 | J143: 187 | K143: 2.1 | L143: 1 | M143: 1 | N143: 2 | O143: 1 | P143: 0 | Q143: 0 | R143: 1 | S143: 0 | T143: 0.48 | U143: 0.48 | V143: 0.96 | W143: 0.48 | X143: 0.96 | Y143: Matches
A144: 136 | B144: Alexander Bernhardsson | C144: MF | D144: se Sweden | E144: 27-311 | F144: 2.de Holstein Kiel | G144: 1998 | H144: 3 | I144: 3 | J144: 217 | K144: 2.4 | L144: 0 | M144: 0 | N144: 0 | O144: 0 | P144: 0 | Q144: 0 | R144: 0 | S144: 0 | T144: 0 | U144: 0 | V144: 0 | W144: 0 | X144: 0 | Y144: Matches
A145: 137 | B145: Tyler Bindon | C145: DF | D145: nz New Zealand | E145: 21-170 | F145: 2.eng Sheffield United | G145: 2005 | H145: 3 | I145: 1 | J145: 97 | K145: 1.1 | L145: 0 | M145: 0 | N145: 0 | O145: 0 | P145: 0 | Q145: 0 | R145: 0 | S145: 0 | T145: 0 | U145: 0 | V145: 0 | W145: 0 | X145: 0 | Y145: Matches
... A158: 150 | B158: Nawaf Boushal | C158: DF | D158: sa Saudi Arabia | E158: 26-303 | F158: 1.sa Al-Nassr | G158: 1999 | H158: 2 | I158: 1 | J158: 91 | K158: 1 | L158: 0 | M158: 0 | N158: 0 | O158: 0 | P158: 0 | Q158: 0 | R158: 0 | S158: 0 | T158: 0 | U158: 0 | V158: 0 | W158: 0 | X158: 0 | Y158: Matches
A159: Rk | B159: Player | C159: Pos | D159: Squad | E159: Age | F159: Club | G159: Born | H159: MP | I159: Starts | J159: Min | K159: 90s | L159: Gls | M159: Ast | N159: G+A | O159: G-PK | P159: PK | Q159: PKatt | R159: CrdY | S159: CrdR | T159: Gls | U159: Ast | V159: G+A | W159: G-PK | X159: G+A-PK | Y159: Matches
A160: 151 | B160: Michael Boxall | C160: DF | D160: nz New Zealand | E160: 37-332 | F160: 1.us Minnesota Utd | G160: 1988 | H160: 3 | I160: 2 | J160: 207 | K160: 2.3 | L160: 0 | M160: 0 | N160: 0 | O160: 0 | P160: 0 | Q160: 0 | R160: 0 | S160: 0 | T160: 0 | U160: 0 | V160: 0 | W160: 0 | X160: 0 | Y160: Matches
...

Sheet World Cup GK
A1: Playing Time | E1: Performance | O1: Penalty Kicks
A2: Rk | B2: Player | C2: Pos | D2: Squad | E2: Age | F2: Club | G2: Born | H2: MP | I2: Starts | J2: Min | K2: 90s | L2: GA | M2: GA90 | N2: SoTA | O2: Saves | P2: Save% | Q2: W | R2: D | S2: L | T2: CS | U2: CS% | V2: PKatt | W2: PKA | X2: PKsv | Y2: PKm | Z2: Save% | AA2: Matches
A3: 1 | B3: Yazeed Abulaila | C3: GK | D3: jo Jordan | E3: 33-189 | F3: 1.jo Al-Hussein SC | G3: 1993 | H3: 3 | I3: 3 | J3: 270 | K3: 3 | L3: 8 | M3: 2.67 | N3: 16 | O3: 8 | P3: 50 | Q3: 0 | R3: 0 | S3: 3 | T3: 0 | U3: 0 | V3: 2 | W3: 2 | X3: 0 | Y3: 0 | Z3: 0 | AA3: Matches
A4: 2 | B4: Mahmoud Abunada | C4: GK | D4: qa Qatar | E4: 26-161 | F4: 1.qa Al Rayyan SC | G4: 2000 | H4: 3 | I4: 3 | J4: 270 | K4: 3 | L4: 10 | M4: 3.33 | N4: 22 | O4: 12 | P4: 54.5 | Q4: 0 | R4: 1 | S4: 2 | T4: 0 | U4: 0 | V4: 1 | W4: 1 | X4: 0 | Y4: 0 | Z4: 0 | AA4: Matches
A5: 3 | B5: Alisson | C5: GK | D5: br Brazil | E5: 33-287 | F5: 1.eng Liverpool | G5: 1992 | H5: 5 | I5: 5 | J5: 450 | K5: 5 | L5: 4 | M5: 0.8 | N5: 18 | O5: 14 | P5: 77.8 | Q5: 3 | R5: 1 | S5: 1 | T5: 2 | U5: 40 | V5: 0 | W5: 0 | X5: 0 | Y5: 0 | AA5: Matches
A6: 4 | B6: Benjamin Asare | C6: GK | D6: gh Ghana | E6: 34-003 | F6: 1.gh Accra Hearts of Oak | G6: 1992 | H6: 3 | I6: 2 | J6: 225 | K6: 2.5 | L6: 2 | M6: 0.8 | N6: 10 | O6: 8 | P6: 80 | Q6: 0 | R6: 1 | S6: 1 | T6: 2 | U6: 100 | V6: 0 | W6: 0 | X6: 0 | Y6: 0 | AA6: Matches
A7: 5 | B7: Lawrence Ati-Zigi | C7: GK | D7: gh Ghana | E7: 29-229 | F7: 1.ch St. Gallen | G7: 1996 | H7: 2 | I7: 2 | J7: 135 | K7: 1.5 | L7: 1 | M7: 0.67 | N7: 9 | O7: 8 | P7: 88.9 | Q7: 1 | R7: 0 | S7: 1 | T7: 1 | U7: 50 | V7: 0 | W7: 0 | X7: 0 | Y7: 0 | AA7: Matches
A8: 6 | B8: Ahmed Basil | C8: GK | D8: iq Iraq | E8: 29-331 | F8: 1.iq Al-Shorta | G8: 1996 | H8: 2 | I8: 2 | J8: 135 | K8: 1.5 | L8: 4 | M8: 2.67 | N8: 7 | O8: 3 | P8: 42.9 | Q8: 0 | R8: 0 | S8: 2 | T8: 0 | U8: 0 | V8: 0 | W8: 0 | X8: 0 | Y8: 0 | AA8: Matches
A9: 7 | B9: Patrick Beach | C9: GK | D9: au Australia | E9: 22-344 | F9: 1.au Melb City | G9: 2003 | H9: 4 | I9: 4 | J9: 388 | K9: 4.3 | L9: 3 | M9: 0.7 | N9: 17 | O9: 14 | P9: 82.4 | Q9: 1 | R9: 2 | S9: 1 | T9: 2 | U9: 50 | V9: 0 | W9: 0 | X9: 0 | Y9: 0 | AA9: Matches
A10: 8 | B10: Alireza Beiranvand | C10: GK | D10: ir IR Iran | E10: 33-298 | F10: 1.ir Tractor | G10: 1992 | H10: 3 | I10: 3 | J10: 270 | K10: 3 | L10: 3 | M10: 1 | N10: 18 | O10: 15 | P10: 83.3 | Q10: 0 | R10: 3 | S10: 0 | T10: 1 | U10: 33.3 | V10: 0 | W10: 0 | X10: 0 | Y10: 0 | AA10: Matches
A11: 9 | B11: Oussama Benbot | C11: GK | D11: dz Algeria | E11: 31-278 | F11: 1.dz USM Alger | G11: 1994 | H11: 1 | I11: 1 | J11: 90 | K11: 1 | L11: 3 | M11: 3 | N11: 3 | O11: 0 | P11: 0 | Q11: 0 | R11: 1 | S11: 0 | T11: 0 | U11: 0 | V11: 0 | W11: 0 | X11: 0 | Y11: 0 | AA11: Matches
A12: 10 | B12: Yassine Bounou | C12: GK | D12: ma Morocco | E12: 35-102 | F12: 1.sa Al-Hilal | G12: 1991 | H12: 6 | I12: 6 | J12: 570 | K12: 6.3 | L12: 6 | M12: 0.95 | N12: 20 | O12: 14 | P12: 70 | Q12: 3 | R12: 2 | S12: 1 | T12: 2 | U12: 33.3 | V12: 1 | W12: 0 | X12: 1 | Y12: 0 | Z12: 100 | AA12: Matches
A13: 11 | B13: Uğurcan Çakır | C13: GK | D13: tr Türkiye | E13: 30-102 | F13: 1.tr Galatasaray | G13: 1996 | H13: 3 | I13: 3 | J13: 270 | K13: 3 | L13: 5 | M13: 1.67 | N13: 13 | O13: 8 | P13: 61.5 | Q13: 1 | R13: 0 | S13: 2 | T13: 0 | U13: 0 | V13: 0 | W13: 0 | X13: 0 | Y13: 0 | AA13: Matches
A14: 12 | B14: Mouhib Chamakh | C14: GK | D14: tn Tunisia | E14: 24-325 | F14: 1.tn Club Africain | G14: 2001 | H14: 1 | I14: 1 | J14: 90 | K14: 1 | L14: 5 | M14: 5 | N14: 6 | O14: 1 | P14: 16.7 | Q14: 0 | R14: 0 | S14: 1 | T14: 0 | U14: 0 | V14: 0 | W14: 0 | X14: 0 | Y14: 0 | AA14: Matches
A15: 13 | B15: Diogo Costa | C15: GK | D15: pt Portugal | E15: 26-300 | F15: 1.pt Porto | G15: 1999 | H15: 5 | I15: 5 | J15: 450 | K15: 5 | L15: 3 | M15: 0.6 | N15: 22 | O15: 19 | P15: 86.4 | Q15: 2 | R15: 2 | S15: 1 | T15: 2 | U15: 40 | V15: 0 | W15: 0 | X15: 0 | Y15: 0 | AA15: Matches
A16: 14 | B16: Thibaut Courtois | C16: GK | D16: be Belgium | E16: 34-066 | F16: 1.es Real Madrid | G16: 1992 | H16: 6 | I16: 6 | J16: 550 | K16: 6.1 | L16: 6 | M16: 0.98 | N16: 20 | O16: 14 | P16: 70 | Q16: 3 | R16: 2 | S16: 1 | T16: 1 | U16: 16.7 | V16: 0 | W16: 0 | X16: 0 | Y16: 0 | AA16: Matches
A17: 15 | B17: Maxime Crépeau | C17: GK | D17: ca Canada | E17: 32-066 | F17: 1.us Orlando City | G17: 1994 | H17: 5 | I17: 5 | J17: 450 | K17: 5 | L17: 6 | M17: 1.2 | N17: 12 | O17: 6 | P17: 50 | Q17: 2 | R17: 1 | S17: 2 | T17: 2 | U17: 40 | V17: 0 | W17: 0 | X17: 0 | Y17: 0 | AA17: Matches
A18: 16 | B18: Max Crocombe | C18: GK | D18: nz New Zealand | E18: 32-338 | F18: 2.eng Millwall | G18: 1993 | H18: 3 | I18: 3 | J18: 270 | K18: 3 | L18: 10 | M18: 3.33 | N18: 21 | O18: 11 | P18: 52.4 | Q18: 0 | R18: 1 | S18: 2 | T18: 0 | U18: 0 | V18: 0 | W18: 0 | X18: 0 | Y18: 0 | AA18: Matches
A19: 17 | B19: Aymen Dahmen | C19: GK | D19: tn Tunisia | E19: 29-169 | F19: 1.tn Ahly Sfaxien | G19: 1997 | H19: 2 | I19: 2 | J19: 180 | K19: 2 | L19: 7 | M19: 3.5 | N19: 12 | O19: 5 | P19: 41.7 | Q19: 0 | R19: 0 | S19: 2 | T19: 0 | U19: 0 | V19: 0 | W19: 0 | X19: 0 | Y19: 0 | AA19: Matches
A20: 18 | B20: Mory Diaw | C20: GK | D20: sn Senegal | E20: 33-024 | F20: 1.fr Le Havre | G20: 1993 | H20: 3 | I20: 2 | J20: 238 | K20: 2.6 | L20: 3 | M20: 1.13 | N20: 7 | O20: 4 | P20: 57.1 | Q20: 1 | R20: 0 | S20: 1 | T20: 1 | U20: 50 | V20: 1 | W20: 1 | X20: 0 | Y20: 0 | Z20: 0 | AA20: Matches
A21: 19 | B21: Yahia Fofana | C21: GK | D21: ci Côte d'Ivoire | E21: 25-329 | F21: 1.tr Rizespor | G21: 2000 | H21: 4 | I21: 4 | J21: 360 | K21: 4 | L21: 4 | M21: 1 | N21: 13 | O21: 9 | P21: 69.2 | Q21: 2 | R21: 0 | S21: 2 | T21: 2 | U21: 50 | V21: 0 | W21: 0 | X21: 0 | Y21: 0 | AA21: Matches
A22: 20 | B22: Matt Freese | C22: GK | D22: us United States | E22: 27-317 | F22: 1.us NYCFC | G22: 1998 | H22: 4 | I22: 4 | J22: 360 | K22: 4 | L22: 5 | M22: 1.25 | N22: 13 | O22: 8 | P22: 61.5 | Q22: 3 | R22: 0 | S22: 1 | T22: 2 | U22: 50 | V22: 0 | W22: 0 | X22: 0 | Y22: 0 | AA22: Matches
A23: 21 | B23: Hernán Galíndez | C23: GK | D23: ec Ecuador | E23: 39-108 | F23: 1.ar Huracán | G23: 1987 | H23: 4 | I23: 4 | J23: 360 | K23: 4 | L23: 4 | M23: 1 | N23: 13 | O23: 9 | P23: 69.2 | Q23: 1 | R23: 1 | S23: 2 | T23: 1 | U23: 25 | V23: 0 | W23: 0 | X23: 0 | Y23: 0 | AA23: Matches
A24: 22 | B24: Orlando Gill | C24: GK | D24: py Paraguay | E24: 26-035 | F24: 1.py San Lorenzo | G24: 2000 | H24: 5 | I24: 5 | J24: 480 | K24: 5.3 | L24: 6 | M24: 1.13 | N24: 29 | O24: 23 | P24: 79.3 | Q24: 1 | R24: 2 | S24: 2 | T24: 2 | U24: 40 | V24: 1 | W24: 1 | X24: 0 | Y24: 0 | Z24: 0 | AA24: Matches
A25: 23 | B25: Angus Gunn | C25: GK | D25: sct Scotland | E25: 30-175 | F25: 1.eng Nottingham | G25: 1996 | H25: 3 | I25: 3 | J25: 270 | K25: 3 | L25: 4 | M25: 1.33 | N25: 12 | O25: 8 | P25: 66.7 | Q25: 1 | R25: 0 | S25: 2 | T25: 1 | U25: 33.3 | V25: 0 | W25: 0 | X25: 0 | Y25: 0 | AA25: Matches
A26: 24 | B26: Jalal Hassan | C26: GK | D26: iq Iraq | E26: 35-059 | F26: 1.iq Al-Zawra'a SC | G26: 1991 | H26: 2 | I26: 1 | J26: 135 | K26: 1.5 | L26: 8 | M26: 5.33 | N26: 16 | O26: 8 | P26: 50 | Q26: 0 | R26: 0 | S26: 1 | T26: 0 | U26: 0 | V26: 0 | W26: 0 | X26: 0 | Y26: 0 | AA26: Matches
A27: 25 | B27: Gregor Kobel | C27: GK | D27: ch Switzerland | E27: 28-222 | F27: 1.de Dortmund | G27: 1997 | H27: 6 | I27: 6 | J27: 600 | K27: 6.7 | L27: 6 | M27: 0.9 | N27: 26 | O27: 20 | P27: 76.9 | Q27: 3 | R27: 2 | S27: 1 | T27: 2 | U27: 33.3 | V27: 0 | W27: 0 | X27: 0 | Y27: 0 | AA27: Matches
A28: Rk | B28: Player | C28: Pos | D28: Squad | E28: Age | F28: Club | G28: Born | H28: MP | I28: Starts | J28: Min | K28: 90s | L28: GA | M28: GA90 | N28: SoTA | O28: Saves | P28: Save% | Q28: W | R28: D | S28: L | T28: CS | U28: CS% | V28: PKatt | W28: PKA | X28: PKsv | Y28: PKm | Z28: Save% | AA28: Matches
A29: 26 | B29: Matej Kovar | C29: GK | D29: cz Czechia | E29: 26-060 | F29: 1.nl PSV | G29: 2000 | H29: 3 | I29: 3 | J29: 270 | K29: 3 | L29: 6 | M29: 2 | N29: 15 | O29: 9 | P29: 60 | Q29: 0 | R29: 1 | S29: 2 | T29: 0 | U29: 0 | V29: 1 | W29: 1 | X29: 0 | Y29: 0 | Z29: 0 | AA29: Matches
A30: 27 | B30: Senne Lammens | C30: GK | D30: be Belgium | E30: 24-009 | F30: 1.eng Manchester Utd | G30: 2002 | H30: 1 | I30: 0 | J30: 20 | K30: 0.2 | L30: 1 | M30: 4.5 | N30: 3 | O30: 2 | P30: 66.7 | Q30: 0 | R30: 0 | S30: 0 | T30: 0 | V30: 0 | W30: 0 | X30: 0 | Y30: 0 | AA30: Matches
A31: 28 | B31: Dominik Livaković | C31: GK | D31: hr Croatia | E31: 31-188 | F31: 1.hr Dinamo Zagreb | G31: 1995 | H31: 4 | I31: 4 | J31: 360 | K31: 4 | L31: 7 | M31: 1.75 | N31: 17 | O31: 10 | P31: 58.8 | Q31: 2 | R31: 0 | S31: 2 | T31: 1 | U31: 25 | V31: 2 | W31: 2 | X31: 0 | Y31: 0 | Z31: 0 | AA31: Matches
A32: 29 | B32: Mike Maignan | C32: GK | D32: fr France | E32: 31-013 | F32: 1.it Milan | G32: 1995 | H32: 7 | I32: 7 | J32: 630 | K32: 7 | L32: 4 | M32: 0.57 | N32: 12 | O32: 8 | P32: 66.7 | Q32: 6 | R32: 0 | S32: 1 | T32: 4 | U32: 57.1 | V32: 2 | W32: 1 | X32: 1 | Y32: 0 | Z32: 50 | AA32: Matches
A33: 30 | B33: Emiliano Martínez | C33: GK | D33: ar Argentina | E33: 33-317 | F33: 1.eng Aston Villa | G33: 1992 | H33: 7 | I33: 7 | J33: 690 | K33: 7.7 | L33: 7 | M33: 0.91 | N33: 16 | O33: 9 | P33: 56.3 | Q33: 7 | R33: 0 | S33: 0 | T33: 2 | U33: 28.6 | V33: 0 | W33: 0 | X33: 0 | Y33: 0 | AA33: Matches
A34: 31 | B34: Édouard Mendy | C34: GK | D34: sn Senegal | E34: 34-137 | F34: 1.sa Al-Ahli | G34: 1992 | H34: 2 | I34: 2 | J34: 152 | K34: 1.7 | L34: 6 | M34: 3.55 | N34: 14 | O34: 8 | P34: 57.1 | Q34: 0 | R34: 0 | S34: 2 | T34: 0 | U34: 0 | V34: 0 | W34: 0 | X34: 0 | Y34: 0 | AA34: Matches
A35: 32 | B35: Orlando Mosquera | C35: GK | D35: pa Panama | E35: 31-203 | F35: 1.sa Al-Fayha | G35: 1994 | H35: 3 | I35: 3 | J35: 270 | K35: 3 | L35: 4 | M35: 1.33 | N35: 11 | O35: 7 | P35: 63.6 | Q35: 0 | R35: 0 | S35: 3 | T35: 0 | U35: 0 | V35: 0 | W35: 0 | X35: 0 | Y35: 0 | AA35: Matches
A36: 33 | B36: Lionel Mpasi | C36: GK | D36: cd Congo DR | E36: 31-349 | F36: 1.fr Le Havre | G36: 1994 | H36: 4 | I36: 4 | J36: 360 | K36: 4 | L36: 5 | M36: 1.25 | N36: 19 | O36: 14 | P36: 73.7 | Q36: 1 | R36: 1 | S36: 2 | T36: 0 | U36: 0 | V36: 0 | W36: 0 | X36: 0 | Y36: 0 | AA36: Matches
A37: 34 | B37: Fernando Muslera | C37: GK | D37: uy Uruguay | E37: 40-030 | F37: 1.tr Galatasaray | G37: 1986 | H37: 3 | I37: 3 | J37: 225 | K37: 2.5 | L37: 4 | M37: 1.6 | N37: 8 | O37: 4 | P37: 50 | Q37: 0 | R37: 2 | S37: 1 | T37: 0 | U37: 0 | V37: 0 | W37: 0 | X37: 0 | Y37: 0 | AA37: Matches
A38: 35 | B38: Abduvohid Nematov | C38: GK | D38: uz Uzbekistan | E38: 25-118 | F38: 1.uz FC Nasaf | G38: 2001 | H38: 2 | I38: 2 | J38: 180 | K38: 2 | L38: 8 | M38: 4 | N38: 13 | O38: 5 | P38: 38.5 | Q38: 0 | R38: 0 | S38: 2 | T38: 0 | U38: 0 | V38: 1 | W38: 1 | X38: 0 | Y38: 0 | Z38: 0 | AA38: Matches
A39: 36 | B39: Manuel Neuer | C39: GK | D39: de Germany | E39: 40-111 | F39: 1.de Bayern Munich | G39: 1986 | H39: 4 | I39: 4 | J39: 390 | K39: 4.3 | L39: 5 | M39: 1.15 | N39: 10 | O39: 5 | P39: 50 | Q39: 2 | R39: 1 | S39: 1 | T39: 0 | U39: 0 | V39: 0 | W39: 0 | X39: 0 | Y39: 0 | AA39: Matches
A40: 37 | B40: Kristoffer Nordfeldt | C40: GK | D40: se Sweden | E40: 37-023 | F40: 1.se AIK Stockholm | G40: 1989 | H40: 2 | I40: 2 | J40: 180 | K40: 2 | L40: 6 | M40: 3 | N40: 9 | O40: 3 | P40: 33.3 | Q40: 1 | R40: 0 | S40: 1 | T40: 0 | U40: 0 | V40: 0 | W40: 0 | X40: 0 | Y40: 0 | AA40: Matches
A41: 38 | B41: Ørjan Nyland | C41: GK | D41: no Norway | E41: 35-309 | F41: 1.es Sevilla | G41: 1990 | H41: 5 | I41: 5 | J41: 480 | K41: 5.3 | L41: 7 | M41: 1.31 | N41: 22 | O41: 15 | P41: 68.2 | Q41: 4 | R41: 0 | S41: 1 | T41: 0 | U41: 0 | V41: 2 | W41: 1 | X41: 1 | Y41: 0 | Z41: 50 | AA41: Matches
A42: 39 | B42: Guillermo Ochoa | C42: GK | D42: mx Mexico | E42: 41-003 | F42: 1.cy AEL Limassol | G42: 1985 | H42: 1 | I42: 0 | J42: 13 | K42: 0.1 | L42: 0 | M42: 0 | N42: 0 | O42: 0 | Q42: 0 | R42: 0 | S42: 0 | T42: 1 | V42: 0 | W42: 0 | X42: 0 | Y42: 0 | AA42: Matches
A43: 40 | B43: Mohammed Al-Owais | C43: GK | D43: sa Saudi Arabia | E43: 34-279 | F43: 1.sa Al-Ula | G43: 1991 | H43: 3 | I43: 3 | J43: 270 | K43: 3 | L43: 5 | M43: 1.67 | N43: 21 | O43: 16 | P43: 76.2 | Q43: 0 | R43: 2 | S43: 1 | T43: 1 | U43: 33.3 | V43: 0 | W43: 0 | X43: 0 | Y43: 0 | AA43: Matches
A44: 41 | B44: Jordan Pickford | C44: GK | D44: eng England | E44: 32-131 | F44: 1.eng Everton | G44: 1994 | H44: 7 | I44: 7 | J44: 660 | K44: 7.3 | L44: 8 | M44: 1.09 | N44: 23 | O44: 15 | P44: 65.2 | Q44: 5 | R44: 1 | S44: 1 | T44: 2 | U44: 28.6 | V44: 1 | W44: 1 | X44: 0 | Y44: 0 | Z44: 0 | AA44: Matches
A45: 42 | B45: Johny Placide | C45: GK | D45: ht Haiti | E45: 38-168 | F45: 2.fr Bastia | G45: 1988 | H45: 3 | I45: 3 | J45: 270 | K45: 3 | L45: 8 | M45: 2.67 | N45: 19 | O45: 11 | P45: 57.9 | Q45: 0 | R45: 0 | S45: 3 | T45: 0 | U45: 0 | V45: 0 | W45: 0 | X45: 0 | Y45: 0 | AA45: Matches
A46: 43 | B46: Raúl Rangel | C46: GK | D46: mx Mexico | E46: 26-141 | F46: 1.mx Guadalajara | G46: 2000 | H46: 5 | I46: 5 | J46: 437 | K46: 4.9 | L46: 3 | M46: 0.62 | N46: 11 | O46: 8 | P46: 72.7 | Q46: 4 | R46: 0 | S46: 1 | T46: 4 | U46: 80 | V46: 1 | W46: 1 | X46: 0 | Y46: 0 | Z46: 0 | AA46: Matches
A47: 44 | B47: Sergio Rochet | C47: GK | D47: uy Uruguay | E47: 33-115 | F47: 1.br Internacional | G47: 1993 | H47: 1 | I47: 0 | J47: 45 | K47: 0.5 | L47: 0 | M47: 0 | N47: 0 | O47: 0 | Q47: 0 | R47: 0 | S47: 0 | T47: 0 | V47: 0 | W47: 0 | X47: 0 | Y47: 0 | AA47: Matches
A48: 45 | B48: Eloy Room | C48: GK | D48: cw Curaçao | E48: 37-160 | F48: 2.us Miami FC | G48: 1989 | H48: 3 | I48: 3 | J48: 270 | K48: 3 | L48: 9 | M48: 3 | N48: 29 | O48: 20 | P48: 69 | Q48: 0 | R48: 1 | S48: 2 | T48: 1 | U48: 33.3 | V48: 1 | W48: 1 | X48: 0 | Y48: 0 | Z48: 0 | AA48: Matches
A49: 46 | B49: Mathew Ryan | C49: GK | D49: au Australia | E49: 34-099 | F49: 1.es Levante | G49: 1992 | H49: 1 | I49: 0 | J49: 2 | K49: 0 | L49: 0 | M49: 0 | N49: 0 | O49: 0 | Q49: 0 | R49: 0 | S49: 0 | T49: 0 | V49: 0 | W49: 0 | X49: 0 | Y49: 0 | AA49: Matches
A50: 47 | B50: Alexander Schlager | C50: GK | D50: at Austria | E50: 30-165 | F50: 1.at RB Salzburg | G50: 1996 | H50: 4 | I50: 4 | J50: 360 | K50: 4 | L50: 9 | M50: 2.25 | N50: 22 | O50: 13 | P50: 59.1 | Q50: 1 | R50: 1 | S50: 2 | T50: 0 | U50: 0 | V50: 1 | W50: 0 | X50: 0 | Y50: 1 | AA50: Matches
A51: 48 | B51: Egil Selvik | C51: GK | D51: no Norway | E51: 28-351 | F51: 2.eng Watford | G51: 1997 | H51: 1 | I51: 1 | J51: 90 | K51: 1 | L51: 4 | M51: 4 | N51: 9 | O51: 5 | P51: 55.6 | Q51: 0 | R51: 0 | S51: 1 | T51: 0 | U51: 0 | V51: 0 | W51: 0 | X51: 0 | Y51: 0 | AA51: Matches
A52: 49 | B52: Kim Seung-gyu | C52: GK | D52: kr Korea Republic | E52: 35-289 | F52: 1.jp FC Tokyo | G52: 1990 | H52: 3 | I52: 3 | J52: 270 | K52: 3 | L52: 3 | M52: 1 | N52: 12 | O52: 9 | P52: 75 | Q52: 1 | R52: 0 | S52: 2 | T52: 0 | U52: 0 | V52: 0 | W52: 0 | X52: 0 | Y52: 0 | AA52: Matches
A53: 50 | B53: Mostafa Shobeir | C53: GK | D53: eg Egypt | E53: 26-062 | F53: 1.eg Al Ahly | G53: 2000 | H53: 5 | I53: 5 | J53: 480 | K53: 5.3 | L53: 7 | M53: 1.31 | N53: 19 | O53: 12 | P53: 63.2 | Q53: 1 | R53: 3 | S53: 1 | T53: 0 | U53: 0 | V53: 2 | W53: 0 | X53: 2 | Y53: 0 | Z53: 100 | AA53: Matches
A54: Rk | B54: Player | C54: Pos | D54: Squad | E54: Age | F54: Club | G54: Born | H54: MP | I54: Starts | J54: Min | K54: 90s | L54: GA | M54: GA90 | N54: SoTA | O54: Saves | P54: Save% | Q54: W | R54: D | S54: L | T54: CS | U54: CS% | V54: PKatt | W54: PKA | X54: PKsv | Y54: PKm | Z54: Save% | AA54: Matches
A55: 51 | B55: Unai Simón | C55: GK | D55: es Spain | E55: 29-035 | F55: 1.es Athletic Club | G55: 1997 | H55: 7 | I55: 7 | J55: 630 | K55: 7 | L55: 1 | M55: 0.14 | N55: 11 | O55: 9 | P55: 90.9 | Q55: 6 | R55: 1 | S55: 0 | T55: 6 | U55: 85.7 | V55: 0 | W55: 0 | X55: 0 | Y55: 0 | AA55: Matches
A56: 52 | B56: Zion Suzuki | C56: GK | D56: jp Japan | E56: 23-329 | F56: 1.it Parma | G56: 2002 | H56: 4 | I56: 4 | J56: 360 | K56: 4 | L56: 5 | M56: 1.25 | N56: 17 | O56: 12 | P56: 70.6 | Q56: 1 | R56: 2 | S56: 1 | T56: 1 | U56: 25 | V56: 0 | W56: 0 | X56: 0 | Y56: 0 | AA56: Matches
A57: 53 | B57: Matt Turner | C57: GK | D57: us United States | E57: 32-022 | F57: 1.us NE Revolution | G57: 1994 | H57: 1 | I57: 1 | J57: 90 | K57: 1 | L57: 3 | M57: 3 | N57: 3 | O57: 0 | P57: 0 | Q57: 0 | R57: 0 | S57: 1 | T57: 0 | U57: 0 | V57: 0 | W57: 0 | X57: 0 | Y57: 0 | AA57: Matches
A58: 54 | B58: Camilo Vargas | C58: GK | D58: co Colombia | E58: 37-129 | F58: 1.mx Atlas | G58: 1989 | H58: 5 | I58: 5 | J58: 480 | K58: 5.3 | L58: 1 | M58: 0.19 | N58: 7 | O58: 6 | P58: 85.7 | Q58: 3 | R58: 2 | S58: 0 | T58: 4 | U58: 80 | V58: 0 | W58: 0 | X58: 0 | Y58: 0 | AA58: Matches
A59: 55 | B59: Nikola Vasilj | C59: GK | D59: ba Bosnia–Herz | E59: 30-226 | F59: 1.de St Pauli | G59: 1995 | H59: 4 | I59: 4 | J59: 360 | K59: 4 | L59: 8 | M59: 2 | N59: 14 | O59: 6 | P59: 42.9 | Q59: 1 | R59: 1 | S59: 2 | T59: 0 | U59: 0 | V59: 1 | W59: 1 | X59: 0 | Y59: 0 | Z59: 0 | AA59: Matches
A60: 56 | B60: Bart Verbruggen | C60: GK | D60: nl Netherlands | E60: 23-332 | F60: 1.eng Brighton | G60: 2002 | H60: 4 | I60: 4 | J60: 390 | K60: 4.3 | L60: 5 | M60: 1.15 | N60: 21 | O60: 16 | P60: 76.2 | Q60: 2 | R60: 2 | S60: 0 | T60: 0 | U60: 0 | V60: 0 | W60: 0 | X60: 0 | Y60: 0 | AA60: Matches
A61: 57 | B61: Vozinha | C61: GK | D61: cv Cabo Verde | E61: 40-043 | F61: 2.pt Chaves | G61: 1986 | H61: 4 | I61: 4 | J61: 390 | K61: 4.3 | L61: 5 | M61: 1.15 | N61: 23 | O61: 18 | P61: 78.3 | Q61: 0 | R61: 3 | S61: 1 | T61: 2 | U61: 50 | V61: 0 | W61: 0 | X61: 0 | Y61: 0 | AA61: Matches
A62: 58 | B62: Jacob Widell Zetterström | C62: GK | D62: se Sweden | E62: 28-005 | F62: 2.eng Derby County | G62: 1998 | H62: 2 | I62: 2 | J62: 180 | K62: 2 | L62: 4 | M62: 2 | N62: 15 | O62: 11 | P62: 73.3 | Q62: 0 | R62: 1 | S62: 1 | T62: 0 | U62: 0 | V62: 0 | W62: 0 | X62: 0 | Y62: 0 | AA62: Matches
A63: 59 | B63: Ronwen Williams | C63: GK | D63: za South Africa | E63: 34-176 | F63: 1.za Sundowns | G63: 1992 | H63: 4 | I63: 4 | J63: 360 | K63: 4 | L63: 4 | M63: 1 | N63: 15 | O63: 11 | P63: 73.3 | Q63: 1 | R63: 1 | S63: 2 | T63: 1 | U63: 25 | V63: 0 | W63: 0 | X63: 0 | Y63: 0 | AA63: Matches
A64: 60 | B64: Utkir Yusupov | C64: GK | D64: uz Uzbekistan | E64: 35-193 | F64: 1.uz Navbahor | G64: 1991 | H64: 1 | I64: 1 | J64: 90 | K64: 1 | L64: 3 | M64: 3 | N64: 4 | O64: 1 | P64: 25 | Q64: 0 | R64: 0 | S64: 1 | T64: 0 | U64: 0 | V64: 0 | W64: 0 | X64: 0 | Y64: 0 | AA64: Matches
A65: 61 | B65: Luca Zidane | C65: GK | D65: dz Algeria | E65: 28-064 | F65: 2.es Granada | G65: 1998 | H65: 3 | I65: 3 | J65: 270 | K65: 3 | L65: 6 | M65: 2 | N65: 14 | O65: 8 | P65: 57.1 | Q65: 1 | R65: 0 | S65: 2 | T65: 0 | U65: 0 | V65: 0 | W65: 0 | X65: 0 | Y65: 0 | AA65: Matches

Sheet GAME WINNING GOALS
A2: Folarin Balogun | B2: 1
A3: Jude Bellingham | B3: 3
A4: Enzo Fernández | B4: 1
A5: Mikel Oyarzabal | B5: 2
A6: Breel Embolo | B6: 1
A7: ENGLAND | B7: 1
A8: FRANCE | B8: 1
A9: ARGENTINA | B9: 1
A10: Ferrán Torres
A11: SPAIN | B11: 1
A12: Harry Kane | B12: 2
A13: Alexander Isak | B13: 1
A14: Lionel Messi | B14: 2
A15: Kylian Mbappé | B15: 4
A16: Erling Haaland | B16: 4
A17: Luis Díaz | B17: 1
A18: Ismael Saibari | B18: 1
A19: Mohamed Salah | B19: 1
A20: Lamine Yamal | B20: 1
A21: Amine Gouiri | B21: 1
A22: Cristiano Ronaldo | B22: 1
... A25: Lautaro Martínez | B25: 2

Sheet Sheet3
F2: Minutes Played | G2: Goals | H2: Assist | I2: Game Winning Goals | J2: Wins | K2: Clean sheet | L2: Total Points | Y2: Rank | Z2: Name | AA2: Points
B3: Sean Pickles | D3: Country | F3: =SUM(F4:F25) -> 0 | G3: =SUM(G4:G25) -> 0 | H3: =SUM(H4:H25) -> 0 | I3: =SUM(I4:I25) -> 0 | J3: =SUM(J4:J25) -> 0 | K3: =SUM(K4:K25) -> 0 | L3: =SUM(L4:L25) -> 0 | Q3: =RANK(U3,$U$3:$U$35) -> 33 | R3: Sean Pickles | S3: =VLOOKUP(R3,$B$3:$L$797,11,FALSE) -> 0 | T3: 1e-08 | U3: =S3+T3 -> 1e-08 | Y3: 1 | Z3: =VLOOKUP(Y3,$Q$3:$S$35,2,FALSE) -> Peter Buzzi | AA3: =VLOOKUP(Y3,$Q$3:$S$35,3,FALSE) -> 32
C4: Harry Kane | D4: =IFERROR(VLOOKUP($C4,'World Cup Players'!#REF!,3,FALSE),0) -> 0 | F4: =IFERROR(VLOOKUP($C4,'World Cup Players'!#REF!,8,FALSE),0) -> 0 | G4: =IFERROR(VLOOKUP($C4,'World Cup Players'!#REF!,10,FALSE),0) -> 0 | H4: =IFERROR(VLOOKUP($C4,'World Cup Players'!#REF!,11,FALSE),0) -> 0 | J4: =IFERROR(VLOOKUP($C4,#REF!,15,FALSE),0) -> 0 | K4: =IFERROR(VLOOKUP($C4,#REF!,18,FALSE),0) -> 0 | L4: =SUM((F4*0.0055)+G4+H4+I4+J4+K4) -> 0 | Q4: =RANK(U4,$U$3:$U$35) -> 32 | R4: Eleni Mastoras | S4: 1 | T4: =0.000000001+T3 -> 1.1e-08 | U4: =S4+T4 -> 1 | Y4: 2 | Z4: =VLOOKUP(Y4,$Q$3:$S$35,2,FALSE) -> John Rice | AA4: =VLOOKUP(Y4,$Q$3:$S$35,3,FALSE) -> 31
C5: Ciro Immobile | D5: =IFERROR(VLOOKUP($C5,'World Cup Players'!#REF!,3,FALSE),0) -> 0 | F5: =IFERROR(VLOOKUP($C5,'World Cup Players'!#REF!,8,FALSE),0) -> 0 | G5: =IFERROR(VLOOKUP($C5,'World Cup Players'!#REF!,10,FALSE),0) -> 0 | H5: =IFERROR(VLOOKUP($C5,'World Cup Players'!#REF!,11,FALSE),0) -> 0 | J5: =IFERROR(VLOOKUP($C5,#REF!,15,FALSE),0) -> 0 | K5: =IFERROR(VLOOKUP($C5,#REF!,18,FALSE),0) -> 0 | L5: =SUM((F5*0.0055)+G5+H5+I5+J5+K5) -> 0 | Q5: =RANK(U5,$U$3:$U$35) -> 31 | R5: Kevin Pickles | S5: 2 | T5: =0.000000001+T4 -> 1.2e-08 | U5: =S5+T5 -> 2 | Y5: 3 | Z5: =VLOOKUP(Y5,$Q$3:$S$35,2,FALSE) -> Andrew Yablonovsky | AA5: =VLOOKUP(Y5,$Q$3:$S$35,3,FALSE) -> 30
C6: Bernardo Fernandes | D6: =IFERROR(VLOOKUP($C6,'World Cup Players'!#REF!,3,FALSE),0) -> 0 | F6: =IFERROR(VLOOKUP($C6,'World Cup Players'!#REF!,8,FALSE),0) -> 0 | G6: =IFERROR(VLOOKUP($C6,'World Cup Players'!#REF!,10,FALSE),0) -> 0 | H6: =IFERROR(VLOOKUP($C6,'World Cup Players'!#REF!,11,FALSE),0) -> 0 | J6: =IFERROR(VLOOKUP($C6,#REF!,15,FALSE),0) -> 0 | K6: =IFERROR(VLOOKUP($C6,#REF!,18,FALSE),0) -> 0 | L6: =SUM((F6*0.0055)+G6+H6+I6+J6+K6) -> 0 | Q6: =RANK(U6,$U$3:$U$35) -> 30 | R6: Tom Mullrooney | S6: 3 | T6: =0.000000001+T5 -> 1.3e-08 | U6: =S6+T6 -> 3 | Y6: 4 | Z6: =VLOOKUP(Y6,$Q$3:$S$35,2,FALSE) -> Yannik Spang | AA6: =VLOOKUP(Y6,$Q$3:$S$35,3,FALSE) -> 29
C7: Kevin De Bryune | D7: =IFERROR(VLOOKUP($C7,'World Cup Players'!#REF!,3,FALSE),0) -> 0 | F7: =IFERROR(VLOOKUP($C7,'World Cup Players'!#REF!,8,FALSE),0) -> 0 | G7: =IFERROR(VLOOKUP($C7,'World Cup Players'!#REF!,10,FALSE),0) -> 0 | H7: =IFERROR(VLOOKUP($C7,'World Cup Players'!#REF!,11,FALSE),0) -> 0 | J7: =IFERROR(VLOOKUP($C7,#REF!,15,FALSE),0) -> 0 | K7: =IFERROR(VLOOKUP($C7,#REF!,18,FALSE),0) -> 0 | L7: =SUM((F7*0.0055)+G7+H7+I7+J7+K7) -> 0 | Q7: =RANK(U7,$U$3:$U$35) -> 29 | R7: Maureen Mullrooney | S7: 4 | T7: =0.000000001+T6 -> 1.4e-08 | U7: =S7+T7 -> 4 | Y7: 5 | Z7: =VLOOKUP(Y7,$Q$3:$S$35,2,FALSE) -> Andrew MacDonald | AA7: =VLOOKUP(Y7,$Q$3:$S$35,3,FALSE) -> 28
C8: Gerard Moreno | D8: =IFERROR(VLOOKUP($C8,'World Cup Players'!#REF!,3,FALSE),0) -> 0 | F8: =IFERROR(VLOOKUP($C8,'World Cup Players'!#REF!,8,FALSE),0) -> 0 | G8: =IFERROR(VLOOKUP($C8,'World Cup Players'!#REF!,10,FALSE),0) -> 0 | H8: =IFERROR(VLOOKUP($C8,'World Cup Players'!#REF!,11,FALSE),0) -> 0 | J8: =IFERROR(VLOOKUP($C8,#REF!,15,FALSE),0) -> 0 | K8: =IFERROR(VLOOKUP($C8,#REF!,18,FALSE),0) -> 0 | L8: =SUM((F8*0.0055)+G8+H8+I8+J8+K8) -> 0 | Q8: =RANK(U8,$U$3:$U$35) -> 28 | R8: Michael Formusa | S8: 5 | T8: =0.000000001+T7 -> 1.5e-08 | U8: =S8+T8 -> 5 | Y8: 6 | Z8: =VLOOKUP(Y8,$Q$3:$S$35,2,FALSE) -> Christine Lalonde | AA8: =VLOOKUP(Y8,$Q$3:$S$35,3,FALSE) -> 27
C9: Lorenzo Insigne | D9: =IFERROR(VLOOKUP($C9,'World Cup Players'!#REF!,3,FALSE),0) -> 0 | F9: =IFERROR(VLOOKUP($C9,'World Cup Players'!#REF!,8,FALSE),0) -> 0 | G9: =IFERROR(VLOOKUP($C9,'World Cup Players'!#REF!,10,FALSE),0) -> 0 | H9: =IFERROR(VLOOKUP($C9,'World Cup Players'!#REF!,11,FALSE),0) -> 0 | J9: =IFERROR(VLOOKUP($C9,#REF!,15,FALSE),0) -> 0 | K9: =IFERROR(VLOOKUP($C9,#REF!,18,FALSE),0) -> 0 | L9: =SUM((F9*0.0055)+G9+H9+I9+J9+K9) -> 0 | Q9: =RANK(U9,$U$3:$U$35) -> 27 | R9: Dante Di Julio | S9: 6 | T9: =0.000000001+T8 -> 1.6e-08 | U9: =S9+T9 -> 6 | Y9: 7 | Z9: =VLOOKUP(Y9,$Q$3:$S$35,2,FALSE) -> Kenn Lalonde | AA9: =VLOOKUP(Y9,$Q$3:$S$35,3,FALSE) -> 26
C10: Thomas Müller | D10: =IFERROR(VLOOKUP($C10,'World Cup Players'!#REF!,3,FALSE),0) -> 0 | F10: =IFERROR(VLOOKUP($C10,'World Cup Players'!#REF!,8,FALSE),0) -> 0 | G10: =IFERROR(VLOOKUP($C10,'World Cup Players'!#REF!,10,FALSE),0) -> 0 | H10: =IFERROR(VLOOKUP($C10,'World Cup Players'!#REF!,11,FALSE),0) -> 0 | J10: =IFERROR(VLOOKUP($C10,#REF!,15,FALSE),0) -> 0 | K10: =IFERROR(VLOOKUP($C10,#REF!,18,FALSE),0) -> 0 | L10: =SUM((F10*0.0055)+G10+H10+I10+J10+K10) -> 0 | Q10: =RANK(U10,$U$3:$U$35) -> 26 | R10: Davide Di Julio | S10: 7 | T10: =0.000000001+T9 -> 1.7e-08 | U10: =S10+T10 -> 7 | Y10: 8 | Z10: =VLOOKUP(Y10,$Q$3:$S$35,2,FALSE) -> Ajay Maharaj | AA10: =VLOOKUP(Y10,$Q$3:$S$35,3,FALSE) -> 25
C11: İlkay Gündoğan | D11: =IFERROR(VLOOKUP($C11,'World Cup Players'!#REF!,3,FALSE),0) -> 0 | F11: =IFERROR(VLOOKUP($C11,'World Cup Players'!#REF!,8,FALSE),0) -> 0 | G11: =IFERROR(VLOOKUP($C11,'World Cup Players'!#REF!,10,FALSE),0) -> 0 | H11: =IFERROR(VLOOKUP($C11,'World Cup Players'!#REF!,11,FALSE),0) -> 0 | J11: =IFERROR(VLOOKUP($C11,#REF!,15,FALSE),0) -> 0 | K11: =IFERROR(VLOOKUP($C11,#REF!,18,FALSE),0) -> 0 | L11: =SUM((F11*0.0055)+G11+H11+I11+J11+K11) -> 0 | Q11: =RANK(U11,$U$3:$U$35) -> 25 | R11: Bob Reynolds | S11: 8 | T11: =0.000000001+T10 -> 1.8e-08 | U11: =S11+T11 -> 8 | Y11: 9 | Z11: =VLOOKUP(Y11,$Q$3:$S$35,2,FALSE) -> Leo Mastoras | AA11: =VLOOKUP(Y11,$Q$3:$S$35,3,FALSE) -> 24
C12: Saša Kalajdžić | D12: =IFERROR(VLOOKUP($C12,'World Cup Players'!#REF!,3,FALSE),0) -> 0 | F12: =IFERROR(VLOOKUP($C12,'World Cup Players'!#REF!,8,FALSE),0) -> 0 | G12: =IFERROR(VLOOKUP($C12,'World Cup Players'!#REF!,10,FALSE),0) -> 0 | H12: =IFERROR(VLOOKUP($C12,'World Cup Players'!#REF!,11,FALSE),0) -> 0 | J12: =IFERROR(VLOOKUP($C12,#REF!,15,FALSE),0) -> 0 | K12: =IFERROR(VLOOKUP($C12,#REF!,18,FALSE),0) -> 0 | L12: =SUM((F12*0.0055)+G12+H12+I12+J12+K12) -> 0 | Q12: =RANK(U12,$U$3:$U$35) -> 24 | R12: Bryan Woodman | S12: 9 | T12: =0.000000001+T11 -> 1.9e-08 | U12: =S12+T12 -> 9 | Y12: 10 | Z12: =VLOOKUP(Y12,$Q$3:$S$35,2,FALSE) -> Brian Ihnacak | AA12: =VLOOKUP(Y12,$Q$3:$S$35,3,FALSE) -> 23
C13: Jadon Sancho | D13: =IFERROR(VLOOKUP($C13,'World Cup Players'!#REF!,3,FALSE),0) -> 0 | F13: =IFERROR(VLOOKUP($C13,'World Cup Players'!#REF!,8,FALSE),0) -> 0 | G13: =IFERROR(VLOOKUP($C13,'World Cup Players'!#REF!,10,FALSE),0) -> 0 | H13: =IFERROR(VLOOKUP($C13,'World Cup Players'!#REF!,11,FALSE),0) -> 0 | J13: =IFERROR(VLOOKUP($C13,#REF!,15,FALSE),0) -> 0 | K13: =IFERROR(VLOOKUP($C13,#REF!,18,FALSE),0) -> 0 | L13: =SUM((F13*0.0055)+G13+H13+I13+J13+K13) -> 0 | Q13: =RANK(U13,$U$3:$U$35) -> 23 | R13: Rod Akins | S13: 10 | T13: =0.000000001+T12 -> 2e-08 | U13: =S13+T13 -> 10 | Y13: 11 | Z13: =VLOOKUP(Y13,$Q$3:$S$35,2,FALSE) -> Jimmy McLernon | AA13: =VLOOKUP(Y13,$Q$3:$S$35,3,FALSE) -> 22
C14: N'Golo Kanté | D14: =IFERROR(VLOOKUP($C14,'World Cup Players'!#REF!,3,FALSE),0) -> 0 | F14: =IFERROR(VLOOKUP($C14,'World Cup Players'!#REF!,8,FALSE),0) -> 0 | G14: =IFERROR(VLOOKUP($C14,'World Cup Players'!#REF!,10,FALSE),0) -> 0 | H14: =IFERROR(VLOOKUP($C14,'World Cup Players'!#REF!,11,FALSE),0) -> 0 | J14: =IFERROR(VLOOKUP($C14,#REF!,15,FALSE),0) -> 0 | K14: =IFERROR(VLOOKUP($C14,#REF!,18,FALSE),0) -> 0 | L14: =SUM((F14*0.0055)+G14+H14+I14+J14+K14) -> 0 | Q14: =RANK(U14,$U$3:$U$35) -> 22 | R14: Vishen Maharaj | S14: 11 | T14: =0.000000001+T13 -> 2.1e-08 | U14: =S14+T14 -> 11 | Y14: 12 | Z14: =VLOOKUP(Y14,$Q$3:$S$35,2,FALSE) -> Kathleen Mullrooney | AA14: =VLOOKUP(Y14,$Q$3:$S$35,3,FALSE) -> 21
C15: Jack Grealish | D15: =IFERROR(VLOOKUP($C15,'World Cup Players'!#REF!,3,FALSE),0) -> 0 | F15: =IFERROR(VLOOKUP($C15,'World Cup Players'!#REF!,8,FALSE),0) -> 0 | G15: =IFERROR(VLOOKUP($C15,'World Cup Players'!#REF!,10,FALSE),0) -> 0 | H15: =IFERROR(VLOOKUP($C15,'World Cup Players'!#REF!,11,FALSE),0) -> 0 | J15: =IFERROR(VLOOKUP($C15,#REF!,15,FALSE),0) -> 0 | K15: =IFERROR(VLOOKUP($C15,#REF!,18,FALSE),0) -> 0 | L15: =SUM((F15*0.0055)+G15+H15+I15+J15+K15) -> 0 | Q15: =RANK(U15,$U$3:$U$35) -> 21 | R15: Naveen Maharaj | S15: 12 | T15: =0.000000001+T14 -> 2.2e-08 | U15: =S15+T15 -> 12 | Y15: 13 | Z15: =VLOOKUP(Y15,$Q$3:$S$35,2,FALSE) -> Mike Walsh | AA15: =VLOOKUP(Y15,$Q$3:$S$35,3,FALSE) -> 20
... C25: England | D25: =IFERROR(VLOOKUP($C25,'World Cup Players'!#REF!,3,FALSE),0) -> 0 | F25: =IFERROR(VLOOKUP($C25,'World Cup Players'!#REF!,8,FALSE),0) -> 0 | G25: =IFERROR(VLOOKUP($C25,'World Cup Players'!#REF!,10,FALSE),0) -> 0 | H25: =IFERROR(VLOOKUP($C25,'World Cup Players'!#REF!,11,FALSE),0) -> 0 | J25: =IFERROR(VLOOKUP($C25,#REF!,15,FALSE),0) -> 0 | K25: =IFERROR(VLOOKUP($C25,#REF!,18,FALSE),0) -> 0 | L25: =SUM((F25*0.0055)+G25+H25+I25+J25+K25) -> 0 | Q25: =RANK(U25,$U$3:$U$35) -> 11 | R25: Jimmy McLernon | S25: 22 | T25: =0.000000001+T24 -> 3.2e-08 | U25: =S25+T25 -> 22 | Y25: 23 | Z25: =VLOOKUP(Y25,$Q$3:$S$35,2,FALSE) -> Rod Akins | AA25: =VLOOKUP(Y25,$Q$3:$S$35,3,FALSE) -> 10
D26: =IFERROR(VLOOKUP($C26,'World Cup Players'!#REF!,3,FALSE),0) -> 0 | F26: =IFERROR(VLOOKUP($C26,'World Cup Players'!#REF!,8,FALSE),0) -> 0 | G26: =IFERROR(VLOOKUP($C26,'World Cup Players'!#REF!,10,FALSE),0) -> 0 | H26: =IFERROR(VLOOKUP($C26,'World Cup Players'!#REF!,11,FALSE),0) -> 0 | J26: =IFERROR(VLOOKUP($C26,#REF!,15,FALSE),0) -> 0 | K26: =IFERROR(VLOOKUP($C26,#REF!,18,FALSE),0) -> 0 | L26: =SUM((F26*0.0055)+G26+H26+I26+J26+K26) -> 0 | Q26: =RANK(U26,$U$3:$U$35) -> 10 | R26: Brian Ihnacak | S26: 23 | T26: =0.000000001+T25 -> 3.3e-08 | U26: =S26+T26 -> 23 | Y26: 24 | Z26: =VLOOKUP(Y26,$Q$3:$S$35,2,FALSE) -> Bryan Woodman | AA26: =VLOOKUP(Y26,$Q$3:$S$35,3,FALSE) -> 9
B27: Eleni Mastoras | D27: =IFERROR(VLOOKUP($C27,'World Cup Players'!#REF!,3,FALSE),0) -> 0 | F27: =IFERROR(VLOOKUP($C27,'World Cup Players'!#REF!,8,FALSE),0) -> 0 | G27: =IFERROR(VLOOKUP($C27,'World Cup Players'!#REF!,10,FALSE),0) -> 0 | H27: =IFERROR(VLOOKUP($C27,'World Cup Players'!#REF!,11,FALSE),0) -> 0 | J27: =IFERROR(VLOOKUP($C27,#REF!,15,FALSE),0) -> 0 | K27: =IFERROR(VLOOKUP($C27,#REF!,18,FALSE),0) -> 0 | L27: =SUM((F27*0.0055)+G27+H27+I27+J27+K27) -> 0 | Q27: =RANK(U27,$U$3:$U$35) -> 9 | R27: Leo Mastoras | S27: 24 | T27: =0.000000001+T26 -> 3.4e-08 | U27: =S27+T27 -> 24 | Y27: 25 | Z27: =VLOOKUP(Y27,$Q$3:$S$35,2,FALSE) -> Bob Reynolds | AA27: =VLOOKUP(Y27,$Q$3:$S$35,3,FALSE) -> 8
C28: Kylian Mbappe | D28: =IFERROR(VLOOKUP($C28,'World Cup Players'!#REF!,3,FALSE),0) -> 0 | F28: =IFERROR(VLOOKUP($C28,'World Cup Players'!#REF!,8,FALSE),0) -> 0 | G28: =IFERROR(VLOOKUP($C28,'World Cup Players'!#REF!,10,FALSE),0) -> 0 | H28: =IFERROR(VLOOKUP($C28,'World Cup Players'!#REF!,11,FALSE),0) -> 0 | J28: =IFERROR(VLOOKUP($C28,#REF!,15,FALSE),0) -> 0 | K28: =IFERROR(VLOOKUP($C28,#REF!,18,FALSE),0) -> 0 | L28: =SUM((F28*0.0055)+G28+H28+I28+J28+K28) -> 0 | Q28: =RANK(U28,$U$3:$U$35) -> 8 | R28: Ajay Maharaj | S28: 25 | T28: =0.000000001+T27 -> 3.5e-08 | U28: =S28+T28 -> 25 | Y28: 26 | Z28: =VLOOKUP(Y28,$Q$3:$S$35,2,FALSE) -> Davide Di Julio | AA28: =VLOOKUP(Y28,$Q$3:$S$35,3,FALSE) -> 7
C29: Alvaro Morata | D29: =IFERROR(VLOOKUP($C29,'World Cup Players'!#REF!,3,FALSE),0) -> 0 | F29: =IFERROR(VLOOKUP($C29,'World Cup Players'!#REF!,8,FALSE),0) -> 0 | G29: =IFERROR(VLOOKUP($C29,'World Cup Players'!#REF!,10,FALSE),0) -> 0 | H29: =IFERROR(VLOOKUP($C29,'World Cup Players'!#REF!,11,FALSE),0) -> 0 | J29: =IFERROR(VLOOKUP($C29,#REF!,15,FALSE),0) -> 0 | K29: =IFERROR(VLOOKUP($C29,#REF!,18,FALSE),0) -> 0 | L29: =SUM((F29*0.0055)+G29+H29+I29+J29+K29) -> 0 | Q29: =RANK(U29,$U$3:$U$35) -> 7 | R29: Kenn Lalonde | S29: 26 | T29: =0.000000001+T28 -> 3.6e-08 | U29: =S29+T29 -> 26 | Y29: 27 | Z29: =VLOOKUP(Y29,$Q$3:$S$35,2,FALSE) -> Dante Di Julio | AA29: =VLOOKUP(Y29,$Q$3:$S$35,3,FALSE) -> 6
C30: Karim Benzema | D30: =IFERROR(VLOOKUP($C30,'World Cup Players'!#REF!,3,FALSE),0) -> 0 | F30: =IFERROR(VLOOKUP($C30,'World Cup Players'!#REF!,8,FALSE),0) -> 0 | G30: =IFERROR(VLOOKUP($C30,'World Cup Players'!#REF!,10,FALSE),0) -> 0 | H30: =IFERROR(VLOOKUP($C30,'World Cup Players'!#REF!,11,FALSE),0) -> 0 | J30: =IFERROR(VLOOKUP($C30,#REF!,15,FALSE),0) -> 0 | K30: =IFERROR(VLOOKUP($C30,#REF!,18,FALSE),0) -> 0 | L30: =SUM((F30*0.0055)+G30+H30+I30+J30+K30) -> 0 | Q30: =RANK(U30,$U$3:$U$35) -> 6 | R30: Christine Lalonde | S30: 27 | T30: =0.000000001+T29 -> 3.7e-08 | U30: =S30+T30 -> 27 | Y30: 28 | Z30: =VLOOKUP(Y30,$Q$3:$S$35,2,FALSE) -> Michael Formusa | AA30: =VLOOKUP(Y30,$Q$3:$S$35,3,FALSE) -> 5
C31: Kevin De Bryune | D31: =IFERROR(VLOOKUP($C31,'World Cup Players'!#REF!,3,FALSE),0) -> 0 | F31: =IFERROR(VLOOKUP($C31,'World Cup Players'!#REF!,8,FALSE),0) -> 0 | G31: =IFERROR(VLOOKUP($C31,'World Cup Players'!#REF!,10,FALSE),0) -> 0 | H31: =IFERROR(VLOOKUP($C31,'World Cup Players'!#REF!,11,FALSE),0) -> 0 | J31: =IFERROR(VLOOKUP($C31,#REF!,15,FALSE),0) -> 0 | K31: =IFERROR(VLOOKUP($C31,#REF!,18,FALSE),0) -> 0 | L31: =SUM((F31*0.0055)+G31+H31+I31+J31+K31) -> 0 | Q31: =RANK(U31,$U$3:$U$35) -> 5 | R31: Andrew MacDonald | S31: 28 | T31: =0.000000001+T30 -> 3.8e-08 | U31: =S31+T31 -> 28 | Y31: 29 | Z31: =VLOOKUP(Y31,$Q$3:$S$35,2,FALSE) -> Maureen Mullrooney | AA31: =VLOOKUP(Y31,$Q$3:$S$35,3,FALSE) -> 4
C32: Gerard Moreno | D32: =IFERROR(VLOOKUP($C32,'World Cup Players'!#REF!,3,FALSE),0) -> 0 | F32: =IFERROR(VLOOKUP($C32,'World Cup Players'!#REF!,8,FALSE),0) -> 0 | G32: =IFERROR(VLOOKUP($C32,'World Cup Players'!#REF!,10,FALSE),0) -> 0 | H32: =IFERROR(VLOOKUP($C32,'World Cup Players'!#REF!,11,FALSE),0) -> 0 | J32: =IFERROR(VLOOKUP($C32,#REF!,15,FALSE),0) -> 0 | K32: =IFERROR(VLOOKUP($C32,#REF!,18,FALSE),0) -> 0 | L32: =SUM((F32*0.0055)+G32+H32+I32+J32+K32) -> 0 | Q32: =RANK(U32,$U$3:$U$35) -> 4 | R32: Yannik Spang | S32: 29 | T32: =0.000000001+T31 -> 3.9e-08 | U32: =S32+T32 -> 29 | Y32: 30 | Z32: =VLOOKUP(Y32,$Q$3:$S$35,2,FALSE) -> Tom Mullrooney | AA32: =VLOOKUP(Y32,$Q$3:$S$35,3,FALSE) -> 3
C33: Olivier Giroud | D33: =IFERROR(VLOOKUP($C33,'World Cup Players'!#REF!,3,FALSE),0) -> 0 | F33: =IFERROR(VLOOKUP($C33,'World Cup Players'!#REF!,8,FALSE),0) -> 0 | G33: =IFERROR(VLOOKUP($C33,'World Cup Players'!#REF!,10,FALSE),0) -> 0 | H33: =IFERROR(VLOOKUP($C33,'World Cup Players'!#REF!,11,FALSE),0) -> 0 | J33: =IFERROR(VLOOKUP($C33,#REF!,15,FALSE),0) -> 0 | K33: =IFERROR(VLOOKUP($C33,#REF!,18,FALSE),0) -> 0 | L33: =SUM((F33*0.0055)+G33+H33+I33+J33+K33) -> 0 | Q33: =RANK(U33,$U$3:$U$35) -> 3 | R33: Andrew Yablonovsky | S33: 30 | T33: =0.000000001+T32 -> 4e-08 | U33: =S33+T33 -> 30 | Y33: 31 | Z33: =VLOOKUP(Y33,$Q$3:$S$35,2,FALSE) -> Kevin Pickles | AA33: =VLOOKUP(Y33,$Q$3:$S$35,3,FALSE) -> 2
C34: Thomas Müller | D34: =IFERROR(VLOOKUP($C34,'World Cup Players'!#REF!,3,FALSE),0) -> 0 | F34: =IFERROR(VLOOKUP($C34,'World Cup Players'!#REF!,8,FALSE),0) -> 0 | G34: =IFERROR(VLOOKUP($C34,'World Cup Players'!#REF!,10,FALSE),0) -> 0 | H34: =IFERROR(VLOOKUP($C34,'World Cup Players'!#REF!,11,FALSE),0) -> 0 | J34: =IFERROR(VLOOKUP($C34,#REF!,15,FALSE),0) -> 0 | K34: =IFERROR(VLOOKUP($C34,#REF!,18,FALSE),0) -> 0 | L34: =SUM((F34*0.0055)+G34+H34+I34+J34+K34) -> 0 | Q34: =RANK(U34,$U$3:$U$35) -> 2 | R34: John Rice | S34: 31 | T34: =0.000000001+T33 -> 4.1e-08 | U34: =S34+T34 -> 31 | Y34: 32 | Z34: =VLOOKUP(Y34,$Q$3:$S$35,2,FALSE) -> Eleni Mastoras | AA34: =VLOOKUP(Y34,$Q$3:$S$35,3,FALSE) -> 1
C35: İlkay Gündoğan | D35: =IFERROR(VLOOKUP($C35,'World Cup Players'!#REF!,3,FALSE),0) -> 0 | F35: =IFERROR(VLOOKUP($C35,'World Cup Players'!#REF!,8,FALSE),0) -> 0 | G35: =IFERROR(VLOOKUP($C35,'World Cup Players'!#REF!,10,FALSE),0) -> 0 | H35: =IFERROR(VLOOKUP($C35,'World Cup Players'!#REF!,11,FALSE),0) -> 0 | J35: =IFERROR(VLOOKUP($C35,#REF!,15,FALSE),0) -> 0 | K35: =IFERROR(VLOOKUP($C35,#REF!,18,FALSE),0) -> 0 | L35: =SUM((F35*0.0055)+G35+H35+I35+J35+K35) -> 0 | Q35: =RANK(U35,$U$3:$U$35) -> 1 | R35: Peter Buzzi | S35: 32 | T35: =0.000000001+T34 -> 4.2e-08 | U35: =S35+T35 -> 32 | Y35: 33 | Z35: =VLOOKUP(Y35,$Q$3:$S$35,2,FALSE) -> Sean Pickles | AA35: =VLOOKUP(Y35,$Q$3:$S$35,3,FALSE) -> 0
C36: Toni Kroos | D36: =IFERROR(VLOOKUP($C36,'World Cup Players'!#REF!,3,FALSE),0) -> 0 | F36: =IFERROR(VLOOKUP($C36,'World Cup Players'!#REF!,8,FALSE),0) -> 0 | G36: =IFERROR(VLOOKUP($C36,'World Cup Players'!#REF!,10,FALSE),0) -> 0 | H36: =IFERROR(VLOOKUP($C36,'World Cup Players'!#REF!,11,FALSE),0) -> 0 | J36: =IFERROR(VLOOKUP($C36,#REF!,15,FALSE),0) -> 0 | K36: =IFERROR(VLOOKUP($C36,#REF!,18,FALSE),0) -> 0 | L36: =SUM((F36*0.0055)+G36+H36+I36+J36+K36) -> 0
C37: Jadon Sancho | D37: =IFERROR(VLOOKUP($C37,'World Cup Players'!#REF!,3,FALSE),0) -> 0 | F37: =IFERROR(VLOOKUP($C37,'World Cup Players'!#REF!,8,FALSE),0) -> 0 | G37: =IFERROR(VLOOKUP($C37,'World Cup Players'!#REF!,10,FALSE),0) -> 0 | H37: =IFERROR(VLOOKUP($C37,'World Cup Players'!#REF!,11,FALSE),0) -> 0 | J37: =IFERROR(VLOOKUP($C37,#REF!,15,FALSE),0) -> 0 | K37: =IFERROR(VLOOKUP($C37,#REF!,18,FALSE),0) -> 0 | L37: =SUM((F37*0.0055)+G37+H37+I37+J37+K37) -> 0
C38: N'Golo Kanté | D38: =IFERROR(VLOOKUP($C38,'World Cup Players'!#REF!,3,FALSE),0) -> 0 | F38: =IFERROR(VLOOKUP($C38,'World Cup Players'!#REF!,8,FALSE),0) -> 0 | G38: =IFERROR(VLOOKUP($C38,'World Cup Players'!#REF!,10,FALSE),0) -> 0 | H38: =IFERROR(VLOOKUP($C38,'World Cup Players'!#REF!,11,FALSE),0) -> 0 | J38: =IFERROR(VLOOKUP($C38,#REF!,15,FALSE),0) -> 0 | K38: =IFERROR(VLOOKUP($C38,#REF!,18,FALSE),0) -> 0 | L38: =SUM((F38*0.0055)+G38+H38+I38+J38+K38) -> 0
C39: Pedri | D39: =IFERROR(VLOOKUP($C39,'World Cup Players'!#REF!,3,FALSE),0) -> 0 | F39: =IFERROR(VLOOKUP($C39,'World Cup Players'!#REF!,8,FALSE),0) -> 0 | G39: =IFERROR(VLOOKUP($C39,'World Cup Players'!#REF!,10,FALSE),0) -> 0 | H39: =IFERROR(VLOOKUP($C39,'World Cup Players'!#REF!,11,FALSE),0) -> 0 | J39: =IFERROR(VLOOKUP($C39,#REF!,15,FALSE),0) -> 0 | K39: =IFERROR(VLOOKUP($C39,#REF!,18,FALSE),0) -> 0 | L39: =SUM((F39*0.0055)+G39+H39+I39+J39+K39) -> 0
C40: Dani Olmo | D40: =IFERROR(VLOOKUP($C40,'World Cup Players'!#REF!,3,FALSE),0) -> 0 | F40: =IFERROR(VLOOKUP($C40,'World Cup Players'!#REF!,8,FALSE),0) -> 0 | G40: =IFERROR(VLOOKUP($C40,'World Cup Players'!#REF!,10,FALSE),0) -> 0 | H40: =IFERROR(VLOOKUP($C40,'World Cup Players'!#REF!,11,FALSE),0) -> 0 | J40: =IFERROR(VLOOKUP($C40,#REF!,15,FALSE),0) -> 0 | K40: =IFERROR(VLOOKUP($C40,#REF!,18,FALSE),0) -> 0 | L40: =SUM((F40*0.0055)+G40+H40+I40+J40+K40) -> 0
C41: Aymeric Laporte | D41: =IFERROR(VLOOKUP($C41,'World Cup Players'!#REF!,3,FALSE),0) -> 0 | F41: =IFERROR(VLOOKUP($C41,'World Cup Players'!#REF!,8,FALSE),0) -> 0 | G41: =IFERROR(VLOOKUP($C41,'World Cup Players'!#REF!,10,FALSE),0) -> 0 | H41: =IFERROR(VLOOKUP($C41,'World Cup Players'!#REF!,11,FALSE),0) -> 0 | J41: =IFERROR(VLOOKUP($C41,#REF!,15,FALSE),0) -> 0 | K41: =IFERROR(VLOOKUP($C41,#REF!,18,FALSE),0) -> 0 | L41: =SUM((F41*0.0055)+G41+H41+I41+J41+K41) -> 0
C42: Raphael Varane | D42: =IFERROR(VLOOKUP($C42,'World Cup Players'!#REF!,3,FALSE),0) -> 0 | F42: =IFERROR(VLOOKUP($C42,'World Cup Players'!#REF!,8,FALSE),0) -> 0 | G42: =IFERROR(VLOOKUP($C42,'World Cup Players'!#REF!,10,FALSE),0) -> 0 | H42: =IFERROR(VLOOKUP($C42,'World Cup Players'!#REF!,11,FALSE),0) -> 0 | J42: =IFERROR(VLOOKUP($C42,#REF!,15,FALSE),0) -> 0 | K42: =IFERROR(VLOOKUP($C42,#REF!,18,FALSE),0) -> 0 | L42: =SUM((F42*0.0055)+G42+H42+I42+J42+K42) -> 0
C43: Pau Torres | D43: =IFERROR(VLOOKUP($C43,'World Cup Players'!#REF!,3,FALSE),0) -> 0 | F43: =IFERROR(VLOOKUP($C43,'World Cup Players'!#REF!,8,FALSE),0) -> 0 | G43: =IFERROR(VLOOKUP($C43,'World Cup Players'!#REF!,10,FALSE),0) -> 0 | H43: =IFERROR(VLOOKUP($C43,'World Cup Players'!#REF!,11,FALSE),0) -> 0 | J43: =IFERROR(VLOOKUP($C43,#REF!,15,FALSE),0) -> 0 | K43: =IFERROR(VLOOKUP($C43,#REF!,18,FALSE),0) -> 0 | L43: =SUM((F43*0.0055)+G43+H43+I43+J43+K43) -> 0
C44: Jordi Alba | D44: =IFERROR(VLOOKUP($C44,'World Cup Players'!#REF!,3,FALSE),0) -> 0 | F44: =IFERROR(VLOOKUP($C44,'World Cup Players'!#REF!,8,FALSE),0) -> 0 | G44: =IFERROR(VLOOKUP($C44,'World Cup Players'!#REF!,10,FALSE),0) -> 0 | H44: =IFERROR(VLOOKUP($C44,'World Cup Players'!#REF!,11,FALSE),0) -> 0 | J44: =IFERROR(VLOOKUP($C44,#REF!,15,FALSE),0) -> 0 | K44: =IFERROR(VLOOKUP($C44,#REF!,18,FALSE),0) -> 0 | L44: =SUM((F44*0.0055)+G44+H44+I44+J44+K44) -> 0
C45: Victor Lindelöf | D45: =IFERROR(VLOOKUP($C45,'World Cup Players'!#REF!,3,FALSE),0) -> 0 | F45: =IFERROR(VLOOKUP($C45,'World Cup Players'!#REF!,8,FALSE),0) -> 0 | G45: =IFERROR(VLOOKUP($C45,'World Cup Players'!#REF!,10,FALSE),0) -> 0 | H45: =IFERROR(VLOOKUP($C45,'World Cup Players'!#REF!,11,FALSE),0) -> 0 | J45: =IFERROR(VLOOKUP($C45,#REF!,15,FALSE),0) -> 0 | K45: =IFERROR(VLOOKUP($C45,#REF!,18,FALSE),0) -> 0 | L45: =SUM((F45*0.0055)+G45+H45+I45+J45+K45) -> 0
C46: Jordan Pickford | D46: =IFERROR(VLOOKUP($C46,'World Cup Players'!#REF!,3,FALSE),0) -> 0 | F46: =IFERROR(VLOOKUP($C46,'World Cup Players'!#REF!,8,FALSE),0) -> 0 | G46: =IFERROR(VLOOKUP($C46,'World Cup Players'!#REF!,10,FALSE),0) -> 0 | H46: =IFERROR(VLOOKUP($C46,'World Cup Players'!#REF!,11,FALSE),0) -> 0 | J46: =IFERROR(VLOOKUP($C46,#REF!,15,FALSE),0) -> 0 | K46: =IFERROR(VLOOKUP($C46,#REF!,18,FALSE),0) -> 0 | L46: =SUM((F46*0.0055)+G46+H46+I46+J46+K46) -> 0
C47: Robin Olsen | D47: =IFERROR(VLOOKUP($C47,'World Cup Players'!#REF!,3,FALSE),0) -> 0 | F47: =IFERROR(VLOOKUP($C47,'World Cup Players'!#REF!,8,FALSE),0) -> 0 | G47: =IFERROR(VLOOKUP($C47,'World Cup Players'!#REF!,10,FALSE),0) -> 0 | H47: =IFERROR(VLOOKUP($C47,'World Cup Players'!#REF!,11,FALSE),0) -> 0 | J47: =IFERROR(VLOOKUP($C47,#REF!,15,FALSE),0) -> 0 | K47: =IFERROR(VLOOKUP($C47,#REF!,18,FALSE),0) -> 0 | L47: =SUM((F47*0.0055)+G47+H47+I47+J47+K47) -> 0
... C49: Spain | D49: =IFERROR(VLOOKUP($C49,'World Cup Players'!#REF!,3,FALSE),0) -> 0 | F49: =IFERROR(VLOOKUP($C49,'World Cup Players'!#REF!,8,FALSE),0) -> 0 | G49: =IFERROR(VLOOKUP($C49,'World Cup Players'!#REF!,10,FALSE),0) -> 0 | H49: =IFERROR(VLOOKUP($C49,'World Cup Players'!#REF!,11,FALSE),0) -> 0 | J49: =IFERROR(VLOOKUP($C49,#REF!,15,FALSE),0) -> 0 | K49: =IFERROR(VLOOKUP($C49,#REF!,18,FALSE),0) -> 0 | L49: =SUM((F49*0.0055)+G49+H49+I49+J49+K49) -> 0
D50: =IFERROR(VLOOKUP($C50,'World Cup Players'!#REF!,3,FALSE),0) -> 0 | F50: =IFERROR(VLOOKUP($C50,'World Cup Players'!#REF!,8,FALSE),0) -> 0 | G50: =IFERROR(VLOOKUP($C50,'World Cup Players'!#REF!,10,FALSE),0) -> 0 | H50: =IFERROR(VLOOKUP($C50,'World Cup Players'!#REF!,11,FALSE),0) -> 0 | J50: =IFERROR(VLOOKUP($C50,#REF!,15,FALSE),0) -> 0 | K50: =IFERROR(VLOOKUP($C50,#REF!,18,FALSE),0) -> 0 | L50: =SUM((F50*0.0055)+G50+H50+I50+J50+K50) -> 0
D51: =IFERROR(VLOOKUP($C51,'World Cup Players'!#REF!,3,FALSE),0) -> 0 | F51: =IFERROR(VLOOKUP($C51,'World Cup Players'!#REF!,8,FALSE),0) -> 0 | G51: =IFERROR(VLOOKUP($C51,'World Cup Players'!#REF!,10,FALSE),0) -> 0 | H51: =IFERROR(VLOOKUP($C51,'World Cup Players'!#REF!,11,FALSE),0) -> 0 | J51: =IFERROR(VLOOKUP($C51,#REF!,15,FALSE),0) -> 0 | K51: =IFERROR(VLOOKUP($C51,#REF!,18,FALSE),0) -> 0 | L51: =SUM((F51*0.0055)+G51+H51+I51+J51+K51) -> 0
B52: Kevin Pickles | D52: =IFERROR(VLOOKUP($C52,'World Cup Players'!#REF!,3,FALSE),0) -> 0 | F52: =IFERROR(VLOOKUP($C52,'World Cup Players'!#REF!,8,FALSE),0) -> 0 | G52: =IFERROR(VLOOKUP($C52,'World Cup Players'!#REF!,10,FALSE),0) -> 0 | H52: =IFERROR(VLOOKUP($C52,'World Cup Players'!#REF!,11,FALSE),0) -> 0 | J52: =IFERROR(VLOOKUP($C52,#REF!,15,FALSE),0) -> 0 | K52: =IFERROR(VLOOKUP($C52,#REF!,18,FALSE),0) -> 0 | L52: =SUM((F52*0.0055)+G52+H52+I52+J52+K52) -> 0
C53: Harry Kane | D53: =IFERROR(VLOOKUP($C53,'World Cup Players'!#REF!,3,FALSE),0) -> 0 | F53: =IFERROR(VLOOKUP($C53,'World Cup Players'!#REF!,8,FALSE),0) -> 0 | G53: =IFERROR(VLOOKUP($C53,'World Cup Players'!#REF!,10,FALSE),0) -> 0 | H53: =IFERROR(VLOOKUP($C53,'World Cup Players'!#REF!,11,FALSE),0) -> 0 | J53: =IFERROR(VLOOKUP($C53,#REF!,15,FALSE),0) -> 0 | K53: =IFERROR(VLOOKUP($C53,#REF!,18,FALSE),0) -> 0 | L53: =SUM((F53*0.0055)+G53+H53+I53+J53+K53) -> 0
C54: Ciro Immobile | D54: =IFERROR(VLOOKUP($C54,'World Cup Players'!#REF!,3,FALSE),0) -> 0 | F54: =IFERROR(VLOOKUP($C54,'World Cup Players'!#REF!,8,FALSE),0) -> 0 | G54: =IFERROR(VLOOKUP($C54,'World Cup Players'!#REF!,10,FALSE),0) -> 0 | H54: =IFERROR(VLOOKUP($C54,'World Cup Players'!#REF!,11,FALSE),0) -> 0 | J54: =IFERROR(VLOOKUP($C54,#REF!,15,FALSE),0) -> 0 | K54: =IFERROR(VLOOKUP($C54,#REF!,18,FALSE),0) -> 0 | L54: =SUM((F54*0.0055)+G54+H54+I54+J54+K54) -> 0
C55: Gareth Bale | D55: =IFERROR(VLOOKUP($C55,'World Cup Players'!#REF!,3,FALSE),0) -> 0 | F55: =IFERROR(VLOOKUP($C55,'World Cup Players'!#REF!,8,FALSE),0) -> 0 | G55: =IFERROR(VLOOKUP($C55,'World Cup Players'!#REF!,10,FALSE),0) -> 0 | H55: =IFERROR(VLOOKUP($C55,'World Cup Players'!#REF!,11,FALSE),0) -> 0 | J55: =IFERROR(VLOOKUP($C55,#REF!,15,FALSE),0) -> 0 | K55: =IFERROR(VLOOKUP($C55,#REF!,18,FALSE),0) -> 0 | L55: =SUM((F55*0.0055)+G55+H55+I55+J55+K55) -> 0
C56: Luka Modric | D56: =IFERROR(VLOOKUP($C56,'World Cup Players'!#REF!,3,FALSE),0) -> 0 | F56: =IFERROR(VLOOKUP($C56,'World Cup Players'!#REF!,8,FALSE),0) -> 0 | G56: =IFERROR(VLOOKUP($C56,'World Cup Players'!#REF!,10,FALSE),0) -> 0 | H56: =IFERROR(VLOOKUP($C56,'World Cup Players'!#REF!,11,FALSE),0) -> 0 | J56: =IFERROR(VLOOKUP($C56,#REF!,15,FALSE),0) -> 0 | K56: =IFERROR(VLOOKUP($C56,#REF!,18,FALSE),0) -> 0 | L56: =SUM((F56*0.0055)+G56+H56+I56+J56+K56) -> 0
C57: Leroy Sane | D57: =IFERROR(VLOOKUP($C57,'World Cup Players'!#REF!,3,FALSE),0) -> 0 | F57: =IFERROR(VLOOKUP($C57,'World Cup Players'!#REF!,8,FALSE),0) -> 0 | G57: =IFERROR(VLOOKUP($C57,'World Cup Players'!#REF!,10,FALSE),0) -> 0 | H57: =IFERROR(VLOOKUP($C57,'World Cup Players'!#REF!,11,FALSE),0) -> 0 | J57: =IFERROR(VLOOKUP($C57,#REF!,15,FALSE),0) -> 0 | K57: =IFERROR(VLOOKUP($C57,#REF!,18,FALSE),0) -> 0 | L57: =SUM((F57*0.0055)+G57+H57+I57+J57+K57) -> 0
C58: Olivier Giroud | D58: =IFERROR(VLOOKUP($C58,'World Cup Players'!#REF!,3,FALSE),0) -> 0 | F58: =IFERROR(VLOOKUP($C58,'World Cup Players'!#REF!,8,FALSE),0) -> 0 | G58: =IFERROR(VLOOKUP($C58,'World Cup Players'!#REF!,10,FALSE),0) -> 0 | H58: =IFERROR(VLOOKUP($C58,'World Cup Players'!#REF!,11,FALSE),0) -> 0 | J58: =IFERROR(VLOOKUP($C58,#REF!,15,FALSE),0) -> 0 | K58: =IFERROR(VLOOKUP($C58,#REF!,18,FALSE),0) -> 0 | L58: =SUM((F58*0.0055)+G58+H58+I58+J58+K58) -> 0
C59: Thomas Müller | D59: =IFERROR(VLOOKUP($C59,'World Cup Players'!#REF!,3,FALSE),0) -> 0 | F59: =IFERROR(VLOOKUP($C59,'World Cup Players'!#REF!,8,FALSE),0) -> 0 | G59: =IFERROR(VLOOKUP($C59,'World Cup Players'!#REF!,10,FALSE),0) -> 0 | H59: =IFERROR(VLOOKUP($C59,'World Cup Players'!#REF!,11,FALSE),0) -> 0 | J59: =IFERROR(VLOOKUP($C59,#REF!,15,FALSE),0) -> 0 | K59: =IFERROR(VLOOKUP($C59,#REF!,18,FALSE),0) -> 0 | L59: =SUM((F59*0.0055)+G59+H59+I59+J59+K59) -> 0
C60: Paul Pogba | D60: =IFERROR(VLOOKUP($C60,'World Cup Players'!#REF!,3,FALSE),0) -> 0 | F60: =IFERROR(VLOOKUP($C60,'World Cup Players'!#REF!,8,FALSE),0) -> 0 | G60: =IFERROR(VLOOKUP($C60,'World Cup Players'!#REF!,10,FALSE),0) -> 0 | H60: =IFERROR(VLOOKUP($C60,'World Cup Players'!#REF!,11,FALSE),0) -> 0 | J60: =IFERROR(VLOOKUP($C60,#REF!,15,FALSE),0) -> 0 | K60: =IFERROR(VLOOKUP($C60,#REF!,18,FALSE),0) -> 0 | L60: =SUM((F60*0.0055)+G60+H60+I60+J60+K60) -> 0
C61: Frenkie de Jong | D61: =IFERROR(VLOOKUP($C61,'World Cup Players'!#REF!,3,FALSE),0) -> 0 | F61: =IFERROR(VLOOKUP($C61,'World Cup Players'!#REF!,8,FALSE),0) -> 0 | G61: =IFERROR(VLOOKUP($C61,'World Cup Players'!#REF!,10,FALSE),0) -> 0 | H61: =IFERROR(VLOOKUP($C61,'World Cup Players'!#REF!,11,FALSE),0) -> 0 | J61: =IFERROR(VLOOKUP($C61,#REF!,15,FALSE),0) -> 0 | K61: =IFERROR(VLOOKUP($C61,#REF!,18,FALSE),0) -> 0 | L61: =SUM((F61*0.0055)+G61+H61+I61+J61+K61) -> 0
C62: Pedro Goncalves | D62: =IFERROR(VLOOKUP($C62,'World Cup Players'!#REF!,3,FALSE),0) -> 0 | F62: =IFERROR(VLOOKUP($C62,'World Cup Players'!#REF!,8,FALSE),0) -> 0 | G62: =IFERROR(VLOOKUP($C62,'World Cup Players'!#REF!,10,FALSE),0) -> 0 | H62: =IFERROR(VLOOKUP($C62,'World Cup Players'!#REF!,11,FALSE),0) -> 0 | J62: =IFERROR(VLOOKUP($C62,#REF!,15,FALSE),0) -> 0 | K62: =IFERROR(VLOOKUP($C62,#REF!,18,FALSE),0) -> 0 | L62: =SUM((F62*0.0055)+G62+H62+I62+J62+K62) -> 0
C63: Federico Chiesa | D63: =IFERROR(VLOOKUP($C63,'World Cup Players'!#REF!,3,FALSE),0) -> 0 | F63: =IFERROR(VLOOKUP($C63,'World Cup Players'!#REF!,8,FALSE),0) -> 0 | G63: =IFERROR(VLOOKUP($C63,'World Cup Players'!#REF!,10,FALSE),0) -> 0 | H63: =IFERROR(VLOOKUP($C63,'World Cup Players'!#REF!,11,FALSE),0) -> 0 | J63: =IFERROR(VLOOKUP($C63,#REF!,15,FALSE),0) -> 0 | K63: =IFERROR(VLOOKUP($C63,#REF!,18,FALSE),0) -> 0 | L63: =SUM((F63*0.0055)+G63+H63+I63+J63+K63) -> 0
C64: Robert Bozenik | D64: =IFERROR(VLOOKUP($C64,'World Cup Players'!#REF!,3,FALSE),0) -> 0 | F64: =IFERROR(VLOOKUP($C64,'World Cup Players'!#REF!,8,FALSE),0) -> 0 | G64: =IFERROR(VLOOKUP($C64,'World Cup Players'!#REF!,10,FALSE),0) -> 0 | H64: =IFERROR(VLOOKUP($C64,'World Cup Players'!#REF!,11,FALSE),0) -> 0 | J64: =IFERROR(VLOOKUP($C64,#REF!,15,FALSE),0) -> 0 | K64: =IFERROR(VLOOKUP($C64,#REF!,18,FALSE),0) -> 0 | L64: =SUM((F64*0.0055)+G64+H64+I64+J64+K64) -> 0
... C74: England | D74: =IFERROR(VLOOKUP($C74,'World Cup Players'!#REF!,3,FALSE),0) -> 0 | F74: =IFERROR(VLOOKUP($C74,'World Cup Players'!#REF!,8,FALSE),0) -> 0 | G74: =IFERROR(VLOOKUP($C74,'World Cup Players'!#REF!,10,FALSE),0) -> 0 | H74: =IFERROR(VLOOKUP($C74,'World Cup Players'!#REF!,11,FALSE),0) -> 0 | J74: =IFERROR(VLOOKUP($C74,#REF!,15,FALSE),0) -> 0 | K74: =IFERROR(VLOOKUP($C74,#REF!,18,FALSE),0) -> 0 | L74: =SUM((F74*0.0055)+G74+H74+I74+J74+K74) -> 0
D75: =IFERROR(VLOOKUP($C75,'World Cup Players'!#REF!,3,FALSE),0) -> 0 | F75: =IFERROR(VLOOKUP($C75,'World Cup Players'!#REF!,8,FALSE),0) -> 0 | G75: =IFERROR(VLOOKUP($C75,'World Cup Players'!#REF!,10,FALSE),0) -> 0 | H75: =IFERROR(VLOOKUP($C75,'World Cup Players'!#REF!,11,FALSE),0) -> 0 | J75: =IFERROR(VLOOKUP($C75,#REF!,15,FALSE),0) -> 0 | K75: =IFERROR(VLOOKUP($C75,#REF!,18,FALSE),0) -> 0 | L75: =SUM((F75*0.0055)+G75+H75+I75+J75+K75) -> 0
B76: Tom Mullrooney | D76: =IFERROR(VLOOKUP($C76,'World Cup Players'!#REF!,3,FALSE),0) -> 0 | F76: =IFERROR(VLOOKUP($C76,'World Cup Players'!#REF!,8,FALSE),0) -> 0 | G76: =IFERROR(VLOOKUP($C76,'World Cup Players'!#REF!,10,FALSE),0) -> 0 | H76: =IFERROR(VLOOKUP($C76,'World Cup Players'!#REF!,11,FALSE),0) -> 0 | J76: =IFERROR(VLOOKUP($C76,#REF!,15,FALSE),0) -> 0 | K76: =IFERROR(VLOOKUP($C76,#REF!,18,FALSE),0) -> 0 | L76: =SUM((F76*0.0055)+G76+H76+I76+J76+K76) -> 0
C77: Harry Kane | D77: =IFERROR(VLOOKUP($C77,'World Cup Players'!#REF!,3,FALSE),0) -> 0 | F77: =IFERROR(VLOOKUP($C77,'World Cup Players'!#REF!,8,FALSE),0) -> 0 | G77: =IFERROR(VLOOKUP($C77,'World Cup Players'!#REF!,10,FALSE),0) -> 0 | H77: =IFERROR(VLOOKUP($C77,'World Cup Players'!#REF!,11,FALSE),0) -> 0 | J77: =IFERROR(VLOOKUP($C77,#REF!,15,FALSE),0) -> 0 | K77: =IFERROR(VLOOKUP($C77,#REF!,18,FALSE),0) -> 0 | L77: =SUM((F77*0.0055)+G77+H77+I77+J77+K77) -> 0
C78: Ciro Immobile | D78: =IFERROR(VLOOKUP($C78,'World Cup Players'!#REF!,3,FALSE),0) -> 0 | F78: =IFERROR(VLOOKUP($C78,'World Cup Players'!#REF!,8,FALSE),0) -> 0 | G78: =IFERROR(VLOOKUP($C78,'World Cup Players'!#REF!,10,FALSE),0) -> 0 | H78: =IFERROR(VLOOKUP($C78,'World Cup Players'!#REF!,11,FALSE),0) -> 0 | J78: =IFERROR(VLOOKUP($C78,#REF!,15,FALSE),0) -> 0 | K78: =IFERROR(VLOOKUP($C78,#REF!,18,FALSE),0) -> 0 | L78: =SUM((F78*0.0055)+G78+H78+I78+J78+K78) -> 0
C79: Karim Benzema | D79: =IFERROR(VLOOKUP($C79,'World Cup Players'!#REF!,3,FALSE),0) -> 0 | F79: =IFERROR(VLOOKUP($C79,'World Cup Players'!#REF!,8,FALSE),0) -> 0 | G79: =IFERROR(VLOOKUP($C79,'World Cup Players'!#REF!,10,FALSE),0) -> 0 | H79: =IFERROR(VLOOKUP($C79,'World Cup Players'!#REF!,11,FALSE),0) -> 0 | J79: =IFERROR(VLOOKUP($C79,#REF!,15,FALSE),0) -> 0 | K79: =IFERROR(VLOOKUP($C79,#REF!,18,FALSE),0) -> 0 | L79: =SUM((F79*0.0055)+G79+H79+I79+J79+K79) -> 0
C80: Kevin De Bryune | D80: =IFERROR(VLOOKUP($C80,'World Cup Players'!#REF!,3,FALSE),0) -> 0 | F80: =IFERROR(VLOOKUP($C80,'World Cup Players'!#REF!,8,FALSE),0) -> 0 | G80: =IFERROR(VLOOKUP($C80,'World Cup Players'!#REF!,10,FALSE),0) -> 0 | H80: =IFERROR(VLOOKUP($C80,'World Cup Players'!#REF!,11,FALSE),0) -> 0 | J80: =IFERROR(VLOOKUP($C80,#REF!,15,FALSE),0) -> 0 | K80: =IFERROR(VLOOKUP($C80,#REF!,18,FALSE),0) -> 0 | L80: =SUM((F80*0.0055)+G80+H80+I80+J80+K80) -> 0
C81: Emil Forsberg | D81: =IFERROR(VLOOKUP($C81,'World Cup Players'!#REF!,3,FALSE),0) -> 0 | F81: =IFERROR(VLOOKUP($C81,'World Cup Players'!#REF!,8,FALSE),0) -> 0 | G81: =IFERROR(VLOOKUP($C81,'World Cup Players'!#REF!,10,FALSE),0) -> 0 | H81: =IFERROR(VLOOKUP($C81,'World Cup Players'!#REF!,11,FALSE),0) -> 0 | J81: =IFERROR(VLOOKUP($C81,#REF!,15,FALSE),0) -> 0 | K81: =IFERROR(VLOOKUP($C81,#REF!,18,FALSE),0) -> 0 | L81: =SUM((F81*0.0055)+G81+H81+I81+J81+K81) -> 0
C82: Olivier Giroud | D82: =IFERROR(VLOOKUP($C82,'World Cup Players'!#REF!,3,FALSE),0) -> 0 | F82: =IFERROR(VLOOKUP($C82,'World Cup Players'!#REF!,8,FALSE),0) -> 0 | G82: =IFERROR(VLOOKUP($C82,'World Cup Players'!#REF!,10,FALSE),0) -> 0 | H82: =IFERROR(VLOOKUP($C82,'World Cup Players'!#REF!,11,FALSE),0) -> 0 | J82: =IFERROR(VLOOKUP($C82,#REF!,15,FALSE),0) -> 0 | K82: =IFERROR(VLOOKUP($C82,#REF!,18,FALSE),0) -> 0 | L82: =SUM((F82*0.0055)+G82+H82+I82+J82+K82) -> 0
C83: Martin Braithwaite | D83: =IFERROR(VLOOKUP($C83,'World Cup Players'!#REF!,3,FALSE),0) -> 0 | F83: =IFERROR(VLOOKUP($C83,'World Cup Players'!#REF!,8,FALSE),0) -> 0 | G83: =IFERROR(VLOOKUP($C83,'World Cup Players'!#REF!,10,FALSE),0) -> 0 | H83: =IFERROR(VLOOKUP($C83,'World Cup Players'!#REF!,11,FALSE),0) -> 0 | J83: =IFERROR(VLOOKUP($C83,#REF!,15,FALSE),0) -> 0 | K83: =IFERROR(VLOOKUP($C83,#REF!,18,FALSE),0) -> 0 | L83: =SUM((F83*0.0055)+G83+H83+I83+J83+K83) -> 0
C84: Paul Pogba | D84: =IFERROR(VLOOKUP($C84,'World Cup Players'!#REF!,3,FALSE),0) -> 0 | F84: =IFERROR(VLOOKUP($C84,'World Cup Players'!#REF!,8,FALSE),0) -> 0 | G84: =IFERROR(VLOOKUP($C84,'World Cup Players'!#REF!,10,FALSE),0) -> 0 | H84: =IFERROR(VLOOKUP($C84,'World Cup Players'!#REF!,11,FALSE),0) -> 0 | J84: =IFERROR(VLOOKUP($C84,#REF!,15,FALSE),0) -> 0 | K84: =IFERROR(VLOOKUP($C84,#REF!,18,FALSE),0) -> 0 | L84: =SUM((F84*0.0055)+G84+H84+I84+J84+K84) -> 0
C85: Frenkie de Jong | D85: =IFERROR(VLOOKUP($C85,'World Cup Players'!#REF!,3,FALSE),0) -> 0 | F85: =IFERROR(VLOOKUP($C85,'World Cup Players'!#REF!,8,FALSE),0) -> 0 | G85: =IFERROR(VLOOKUP($C85,'World Cup Players'!#REF!,10,FALSE),0) -> 0 | H85: =IFERROR(VLOOKUP($C85,'World Cup Players'!#REF!,11,FALSE),0) -> 0 | J85: =IFERROR(VLOOKUP($C85,#REF!,15,FALSE),0) -> 0 | K85: =IFERROR(VLOOKUP($C85,#REF!,18,FALSE),0) -> 0 | L85: =SUM((F85*0.0055)+G85+H85+I85+J85+K85) -> 0
C86: Xherdan Shaqiri | D86: =IFERROR(VLOOKUP($C86,'World Cup Players'!#REF!,3,FALSE),0) -> 0 | F86: =IFERROR(VLOOKUP($C86,'World Cup Players'!#REF!,8,FALSE),0) -> 0 | G86: =IFERROR(VLOOKUP($C86,'World Cup Players'!#REF!,10,FALSE),0) -> 0 | H86: =IFERROR(VLOOKUP($C86,'World Cup Players'!#REF!,11,FALSE),0) -> 0 | J86: =IFERROR(VLOOKUP($C86,#REF!,15,FALSE),0) -> 0 | K86: =IFERROR(VLOOKUP($C86,#REF!,18,FALSE),0) -> 0 | L86: =SUM((F86*0.0055)+G86+H86+I86+J86+K86) -> 0
C87: Federico Chiesa | D87: =IFERROR(VLOOKUP($C87,'World Cup Players'!#REF!,3,FALSE),0) -> 0 | F87: =IFERROR(VLOOKUP($C87,'World Cup Players'!#REF!,8,FALSE),0) -> 0 | G87: =IFERROR(VLOOKUP($C87,'World Cup Players'!#REF!,10,FALSE),0) -> 0 | H87: =IFERROR(VLOOKUP($C87,'World Cup Players'!#REF!,11,FALSE),0) -> 0 | J87: =IFERROR(VLOOKUP($C87,#REF!,15,FALSE),0) -> 0 | K87: =IFERROR(VLOOKUP($C87,#REF!,18,FALSE),0) -> 0 | L87: =SUM((F87*0.0055)+G87+H87+I87+J87+K87) -> 0
C88: Sebastian Larsson | D88: =IFERROR(VLOOKUP($C88,'World Cup Players'!#REF!,3,FALSE),0) -> 0 | F88: =IFERROR(VLOOKUP($C88,'World Cup Players'!#REF!,8,FALSE),0) -> 0 | G88: =IFERROR(VLOOKUP($C88,'World Cup Players'!#REF!,10,FALSE),0) -> 0 | H88: =IFERROR(VLOOKUP($C88,'World Cup Players'!#REF!,11,FALSE),0) -> 0 | J88: =IFERROR(VLOOKUP($C88,#REF!,15,FALSE),0) -> 0 | K88: =IFERROR(VLOOKUP($C88,#REF!,18,FALSE),0) -> 0 | L88: =SUM((F88*0.0055)+G88+H88+I88+J88+K88) -> 0
... C98: Belgium | D98: =IFERROR(VLOOKUP($C98,'World Cup Players'!#REF!,3,FALSE),0) -> 0 | F98: =IFERROR(VLOOKUP($C98,'World Cup Players'!#REF!,8,FALSE),0) -> 0 | G98: =IFERROR(VLOOKUP($C98,'World Cup Players'!#REF!,10,FALSE),0) -> 0 | H98: =IFERROR(VLOOKUP($C98,'World Cup Players'!#REF!,11,FALSE),0) -> 0 | J98: =IFERROR(VLOOKUP($C98,#REF!,15,FALSE),0) -> 0 | K98: =IFERROR(VLOOKUP($C98,#REF!,18,FALSE),0) -> 0 | L98: =SUM((F98*0.0055)+G98+H98+I98+J98+K98) -> 0
D99: =IFERROR(VLOOKUP($C99,'World Cup Players'!#REF!,3,FALSE),0) -> 0 | F99: =IFERROR(VLOOKUP($C99,'World Cup Players'!#REF!,8,FALSE),0) -> 0 | G99: =IFERROR(VLOOKUP($C99,'World Cup Players'!#REF!,10,FALSE),0) -> 0 | H99: =IFERROR(VLOOKUP($C99,'World Cup Players'!#REF!,11,FALSE),0) -> 0 | J99: =IFERROR(VLOOKUP($C99,#REF!,15,FALSE),0) -> 0 | K99: =IFERROR(VLOOKUP($C99,#REF!,18,FALSE),0) -> 0 | L99: =SUM((F99*0.0055)+G99+H99+I99+J99+K99) -> 0
B100: Maureen Mullrooney | D100: =IFERROR(VLOOKUP($C100,'World Cup Players'!#REF!,3,FALSE),0) -> 0 | F100: =IFERROR(VLOOKUP($C100,'World Cup Players'!#REF!,8,FALSE),0) -> 0 | G100: =IFERROR(VLOOKUP($C100,'World Cup Players'!#REF!,10,FALSE),0) -> 0 | H100: =IFERROR(VLOOKUP($C100,'World Cup Players'!#REF!,11,FALSE),0) -> 0 | J100: =IFERROR(VLOOKUP($C100,#REF!,15,FALSE),0) -> 0 | K100: =IFERROR(VLOOKUP($C100,#REF!,18,FALSE),0) -> 0 | L100: =SUM((F100*0.0055)+G100+H100+I100+J100+K100) -> 0
